original_trackName,original_artistName,original_year,sp_streams,PC1,PC2,cluster
Lose Control,Teddy Swims,2024,1799863199.0,6.463146107077315,-2.8354942639096405,1
A Bar Song (Tipsy),Shaboozey,2024,1286612538.0,2.4479106164993225,2.5516817381253065,3
Beautiful Things,Benson Boone,2024,2163116296.0,7.485172307559453,-2.3201946163952205,1
I Had Some Help,Post Malone Featuring Morgan Wallen,2024,1103650283.0,1.3941853024281696,-3.2952759329436594,2
Lovin On Me,Jack Harlow,2024,922806716.0,2.9371829933656013,2.3074371486156893,3
Not Like Us,Kendrick Lamar,2024,1502360371.0,5.397017333188912,-2.4065008981932263,1
Espresso,Sabrina Carpenter,2024,2267567762.0,6.4345309856151545,-1.3574724432346088,1
Million Dollar Baby,Tommy Richman,2024,1211328574.0,3.1874966567357137,2.586388128627772,3
I Remember Everything,Zach Bryan Featuring Kacey Musgraves,2024,1090015749.0,0.8906539787136287,-2.767220305172731,2
Too Sweet,Hozier,2024,1507173999.0,2.8684437960181977,-2.732120689253214,1
Stick Season,Noah Kahan,2024,1513545767.0,2.519535714940847,-3.4970355988302013,1
Cruel Summer,Taylor Swift,2024,2908061119.0,5.441389496952478,-3.4310240375989154,1
Greedy,Tate McRae,2024,1804944825.0,4.554401211531202,-2.377080087081023,1
Like That,"Future, Metro Boomin & Kendrick Lamar",2024,1134557754.0,2.531566078831294,0.48197415354710194,3
Birds Of A Feather,Billie Eilish,2024,2607371967.0,8.417841468276192,-2.500838395395384,1
Please Please Please,Sabrina Carpenter,2024,1444375383.0,2.4117873082712302,0.9037076610825066,3
Agora Hills,Doja Cat,2024,743410070.0,0.5764181922402476,-2.98341160699616,2
"Good Luck, Babe!",Chappell Roan,2024,1548851306.0,4.161589387198657,-2.0263652361286857,1
Saturn,SZA,2024,853540160.0,1.0878696868221287,-3.726893227772005,2
Snooze,SZA,2024,1560173701.0,1.8647110866818553,0.1914149645871063,3
Paint The Town Red,Doja Cat,2024,1369375466.0,2.677279372335971,3.6585994166943845,3
Fortnight,Taylor Swift Featuring Post Malone,2024,932167268.0,1.057638073462348,-4.580331712808781,2
Fast Car,Luke Combs,2024,783800720.0,0.056260293433311834,-1.4855240419976945,2
Water,Tyla,2024,1101991064.0,4.029690819660974,-1.7853839518520127,1
Feather,Sabrina Carpenter,2024,2607371967.0,8.297249775313329,-2.3845424702492757,1
We Can't Be Friends (Wait For Your Love),Ariana Grande,2024,1423696847.0,3.1353620336731085,-4.307474990308168,1
Austin,Dasha,2024,863207764.0,2.6649746545880704,-3.098648451827518,1
Last Night,Morgan Wallen,2024,1496491746.0,-0.02928094176154506,1.9004168647385993,3
Cowgirls,Morgan Wallen Featuring ERNEST,2024,585458030.0,-3.1439084035429787,-1.9892953301457768,2
Pink Skies,Zach Bryan,2024,502523947.0,-0.2363401177263988,-2.7320210644933174,2
Thinkin' Bout Me,Morgan Wallen,2024,647501691.0,-2.853586413949988,-5.225242644918903,2
Texas Hold 'Em,Beyonce,2024,673774633.0,1.2784104714199294,1.5628233225392494,3
Is It Over Now? (Taylor's Version) [From The Vault],Taylor Swift,2024,525607584.0,-0.32383178450040595,-5.516771658211335,2
Miles On It,Marshmello & Kane Brown,2024,289650582.0,-1.6274478259406921,-1.2918446194843634,2
I Can Do It With A Broken Heart,Taylor Swift,2024,662788310.0,0.2876848489702651,-5.161999626205142,2
Wild Ones,Jessie Murph & Jelly Roll,2024,1050476826.0,0.19300265271184638,3.2124974568321436,3
Ain't No Love In Oklahoma,Luke Combs,2024,351511912.0,-2.8404799448049545,-4.4519120833654,2
Carnival,Â¥$: Ye & Ty Dolla $ign Featuring Rich The Kid & Playboi Carti,2024,757385215.0,-1.1287047654510756,1.4715526152631437,0
Houdini,Eminem,2024,636925445.0,-0.15406851600917823,-1.573435452694875,2
Wanna Be,GloRilla & Megan Thee Stallion,2024,3060888083.0,2.7966953772018903,-2.6752877872555865,1
Slow It Down,Benson Boone,2024,774252019.0,-0.437369199748222,-3.3104583929039193,2
Redrum,21 Savage,2024,705130350.0,-0.07999205773028957,-0.8562231094412481,2
Houdini,Dua Lipa,2024,636925445.0,-0.15406851600917823,-1.573435452694875,2
Yeah Glo!,GloRilla,2024,273194019.0,-2.5165825128404964,0.2425074801284927,0
Rich Baby Daddy,Drake Featuring Sexyy Red & SZA,2024,554176488.0,-1.6653330382429745,2.917138711608133,0
What Was I Made For?,Billie Eilish,2024,1327133262.0,3.6168704660224087,-0.6093941357088519,1
End Of Beginning,Djo,2024,1509041293.0,2.6982999557556937,-2.5541106895602,1
Lunch,Billie Eilish,2024,796200563.0,1.3136954834573868,-2.5688240971950616,2
Never Lose Me,Flo Milli,2024,486394944.0,-1.2316904750312114,1.3097675559245145,0
Lies Lies Lies,Morgan Wallen,2024,1014555306.0,-1.8823123506068353,-0.16029648879016714,0
Type Shit,"Future, Metro Boomin, Travis Scott & Playboi Carti",2024,566574359.0,-2.1261494610724148,2.173818880465005,0
Gata Only,FloyyMenor X Cris Mj,2024,1627945239.0,1.8462570818043684,2.9571569847651453,3
Hot To Go!,Chappell Roan,2024,693186197.0,-0.941960508015403,3.257491707580353,0
All I Want For Christmas Is You,Mariah Carey,2024,2176064292.0,7.382647383281282,4.919262906233929,3
Get It Sexyy,Sexyy Red,2024,242187271.0,-2.070724841842126,1.6695989070722292,0
Made For Me,Muni Long,2024,245314706.0,-0.8340249489690892,-2.972867229889674,2
Vampire,Olivia Rodrigo,2024,1359501187.0,1.0489325209644536,-3.0742050238146614,2
Whatever She Wants,Bryson Tiller,2024,388619811.0,-1.8650468999385867,1.517693160630536,0
Rockin' Around The Christmas Tree,Brenda Lee,2024,1291513569.0,2.5551305159046334,1.4743443905417846,3
Pretty Little Poison,Warren Zeiders,2024,281584343.0,-2.991980384497193,-3.134227761720193,2
First Person Shooter,Drake Featuring J. Cole,2024,430493395.0,-1.9378277240746469,0.7494094833080235,0
Die With A Smile,Lady Gaga & Bruno Mars,2024,2537586260.0,8.522135350886996,-3.2652802713266804,1
I Like The Way You Kiss Me,Artemas,2024,1292810086.0,3.8618978625323903,-2.005901893911498,1
Need A Favor,Jelly Roll,2024,260796916.0,-1.1031959018210578,-3.360510992650048,2
Save Me,Jelly Roll With Lainey Wilson,2024,351500387.0,-2.306129853451478,-2.4106860916305304,2
Euphoria,Kendrick Lamar,2024,388623066.0,-1.1796981135953908,-2.309506556099391,2
Truck Bed,HARDY,2024,321608285.0,-3.0218851262547353,0.6252526693400362,0
Jingle Bell Rock,Bobby Helms,2024,1219213963.0,-0.3241177347249524,3.5295464352785957,3
Flowers,Miley Cyrus,2024,2545459039.0,8.269348364608936,1.6555048777441526,1
Where The Wild Things Are,Luke Combs,2024,424508563.0,-2.845095275807522,-3.8006059462555464,2
Everybody,Nicki Minaj Featuring Lil Uzi Vert,2024,2085617957.0,2.5631759936980805,2.62477874818472,3
La Diabla,Xavi,2024,900437098.0,-1.1616942524115033,2.5804701874490483,0
Stargazing,Myles Smith,2024,795604012.0,2.2493979750558197,0.24169355815160412,3
Last Christmas,Wham!,2024,1878672057.0,1.584397928210562,3.2873414629368303,3
I Am Not Okay,Jelly Roll,2024,125060926.0,-2.2175492529416494,-2.714419261365113,2
Pour Me A Drink,Post Malone Featuring Blake Shelton,2024,195823340.0,-1.4150098638678938,0.9388239733944393,0
White Horse,Chris Stapleton,2024,288231528.0,-2.227093015262871,-1.9159368790924505,2
Lil Boo Thang,Paul Russell,2024,386986161.0,1.1839023890014941,-1.4432286657244826,2
Good Good,"Usher, Summer Walker & 21 Savage",2024,2094077589.0,6.114665928163343,3.5949797713008005,3
Act II: Date @ 8,4batz Featuring Drake,2024,219498672.0,-2.8902743033615383,3.002799649754504,0
High Road,Koe Wetzel & Jessie Murph,2024,216587930.0,-1.533766276831585,-2.320080066869976,2
Monaco,Bad Bunny,2024,631673063.0,-0.4735853560504981,3.1755479840481864,3
IDGAF,Drake Featuring Yeat,2024,1728269122.0,1.1502299132273166,-0.7967333868698205,2
Burn It Down,Parker McCollum,2024,579948083.0,-1.781624973553802,-0.5648265437942995,2
Fukumean,Gunna,2024,1080260010.0,1.2310661766009132,-0.5495532660365752,2
Taste,Sabrina Carpenter,2024,1479574244.0,0.08404709683416875,2.168824498129062,3
Where It Ends,Bailey Zimmerman,2024,307100360.0,-2.2960998037754003,-3.087713767426564,2
FTCU,Nicki Minaj,2024,230581892.0,-3.2320794653146017,2.810563147438124,0
Wildflower,Billie Eilish,2024,1231368406.0,2.8468494013444343,-1.988504979962248,1
World On Fire,Nate Smith,2024,193915058.0,-2.576690205346161,-2.966688856548602,2
On My Mama,Victoria Monet,2024,170889652.0,-2.6218547989317744,0.3232968622273971,0
"Yes, And?",Ariana Grande,2024,638299922.0,-0.8233153576457785,-0.9186677269974868,2
Exes,Tate McRae,2024,611584349.0,-1.1188227075241985,-2.3058346623894264,2
A Holly Jolly Christmas,Burl Ives,2024,513109900.0,-2.267508571264016,1.095956112975187,0
Wind Up Missin' You,Tucker Wetmore,2024,289821457.0,-2.43198445377201,-3.501386463527124,2
Bulletproof,Nate Smith,2024,392057378.0,-0.944766506714047,-0.35741943115017394,2
FE!N,Travis Scott Featuring Playboi Carti,2024,1309882475.0,1.182661471583208,-1.685430039166636,2
The Painter,Cody Johnson,2024,212877852.0,-3.2606332071931825,-2.572332972533674,2
Down Bad,Taylor Swift,2024,435430909.0,-1.6601998536881435,-5.664948972029686,2
Dance The Night,Dua Lipa,2024,1127064649.0,2.0939218602502168,-1.2875635540912558,1
Kill Bill,SZA,2023,2494931628.0,3.1404893801662697,-2.7311581026529477,1
Anti-Hero,Taylor Swift,2023,1838287650.0,4.263004594993598,-4.176015550168751,1
Creepin',"Metro Boomin, The Weeknd & 21 Savage",2023,1585487233.0,3.0166733091801925,-3.172891288948535,1
Calm Down,Rema & Selena Gomez,2023,1663485815.0,3.546512776151205,2.172232460922216,3
Die For You,The Weeknd & Ariana Grande,2023,2799012951.0,2.611451856004076,-4.838856628960363,1
I'm Good (Blue),David Guetta & Bebe Rexha,2023,2094077589.0,6.109150397796379,3.6148649532780346,3
Unholy,Sam Smith & Kim Petras,2023,1775487119.0,3.0966483224338903,1.9328293529541583,3
You Proof,Morgan Wallen,2023,859686506.0,-2.918683538677898,-4.851253576696703,2
Something In The Orange,Zach Bryan,2023,1270026294.0,1.0367140418357141,-3.0179485465858944,2
Rich Flex,Drake & 21 Savage,2023,912478821.0,-0.634031273567444,2.02790264173134,0
As It Was,Harry Styles,2023,3891364159.0,11.407186826857185,-1.108148900261613,1
Rock And A Hard Place,Bailey Zimmerman,2023,577998572.0,-0.6409883505097778,-4.297419773904126,2
Under The Influence,Chris Brown,2023,1592805816.0,2.293340311158865,-2.748411284028747,1
"Boy's A Liar, Pt. 2",PinkPantheress & Ice Spice,2023,972230428.0,1.7743957431883974,1.1857245614130112,3
Favorite Song,Toosii,2023,240446907.0,-1.7855609321431474,-2.4916668739426884,2
Thought You Should Know,Morgan Wallen,2023,450088386.0,-3.5212648631399315,-1.2298969647205087,2
Thank God,Kane Brown With Katelyn Brown,2023,205005854.0,-3.302233582047434,-0.6671827553078765,0
Sure Thing,Miguel,2023,1766368930.0,2.436953857671858,-1.5388738144019012,1
All My Life,Lil Durk Featuring J. Cole,2023,409288115.0,-1.3817183368005244,1.4125912863337213,0
Ella Baila Sola,Eslabon Armado X Peso Pluma,2023,1410779735.0,0.8054995553808305,2.1259752697029923,3
Karma,Taylor Swift Featuring Ice Spice,2023,924266364.0,-0.34364120789537284,-4.679705898856976,2
Just Wanna Rock,Lil Uzi Vert,2023,782986160.0,0.8085465437536559,-1.4802448357727709,2
Cuff It,Beyonce,2023,893374654.0,1.9159852379750644,2.3642372208973446,3
Lavender Haze,Taylor Swift,2023,821934323.0,-0.5023674702446697,-5.219993483807259,2
Players,Coi Leray,2023,523920876.0,-0.20529206785379048,1.8661927015845412,3
Love You Anyway,Luke Combs,2023,220174923.0,-3.2271090738536388,-5.295928372580692,2
One Thing At A Time,Morgan Wallen,2023,302020285.0,-3.875236587679607,-4.329465881656453,2
Superhero (Heroes & Villains),"Metro Boomin, Future & Chris Brown",2023,906218689.0,-1.245439380844963,0.6142504808444624,0
Bad Habit,Steve Lacy,2023,1942050181.0,6.763411427992244,2.5016288835331246,1
La Bebe,Yng Lvcas x Peso Pluma,2023,1247734250.0,-0.2616158761477429,2.88688707070742,3
Golden Hour,JVKE,2023,1362575794.0,0.48632772322504053,0.12209592315572926,3
Religiously,Bailey Zimmerman,2023,337841412.0,-2.1482865020635487,-3.988141080790831,2
Spin Bout U,Drake & 21 Savage,2023,447812934.0,-1.6997210628389625,-2.40236355510079,2
Cupid,Fifty Fifty,2023,992402319.0,1.0903737429384313,-2.510682085998531,2
Search & Rescue,Drake,2023,402062836.0,-1.1849242511962412,-1.1344128855007745,2
Barbie World,Nicki Minaj & Ice Spice With Aqua,2023,539439955.0,-1.8594919499249243,4.090288471920034,0
Next Thing You Know,Jordan Davis,2023,343170263.0,-3.1838923067266904,-3.87365724416905,2
Escapism,RAYE Featuring 070 Shake,2023,1019139637.0,0.7971410836684322,2.3402118577759277,3
Un x100to,Grupo Frontera X Bad Bunny,2023,1305865564.0,0.9098877236198054,0.0012636952794595172,3
Until I Found You,Stephen Sanchez,2023,1290612177.0,1.5736066347434112,-2.5163042103075344,2
Shirt,SZA,2023,590068460.0,-1.649628327508262,-0.5260028803957536,2
Made You Look,Meghan Trainor,2023,1317389566.0,1.5662248743779534,-3.639911444755509,2
Wait In The Truck,HARDY Featuring Lainey Wilson,2023,170742519.0,-3.4247777683422758,-3.74394343973877,2
Everything I Love,Morgan Wallen,2023,227095156.0,-3.644141819886806,-5.262554073730802,2
Chemical,Post Malone,2023,1937.0,-5.335682990779928,2.7372034159997964,0
Heart Like A Truck,Lainey Wilson,2023,221561656.0,-1.815155589060502,-2.987235022703551,2
"Going, Going, Gone",Luke Combs,2023,304202338.0,-3.551255013548283,-4.940708945527703,2
Dancin' In The Country,Tyler Hubbard,2023,203338400.0,-3.0398513649135586,1.470097065452839,0
Daylight,David Kushner,2023,1499645521.0,2.7765240404567475,-0.7435755556982363,1
Lift Me Up,Rihanna,2023,429482275.0,0.15206023134823335,-2.498762793996429,2
Eyes Closed,Ed Sheeran,2023,446604651.0,0.4951925364473795,-1.870738530016259,2
TQG,Karol G x Shakira,2023,1286731970.0,1.620212854663419,2.492196644121643,3
Try That In A Small Town,Jason Aldean,2023,92032582.0,-3.460641517916959,0.13887804838506193,0
Tennessee Orange,Megan Moroney,2023,375405979.0,-2.185005788361803,-2.577846211494622,2
Princess Diana,Ice Spice & Nicki Minaj,2023,259581813.0,-2.8867760875082613,3.6262737416181365,0
Tomorrow 2,GloRilla & Cardi B,2023,206089899.0,-2.6703256262785775,2.004095741901788,0
Where She Goes,Bad Bunny,2023,850629169.0,-1.44627381372952,3.1747781073468184,0
Bebe Dame,Fuerza Regida X Grupo Frontera,2023,670414917.0,-1.2113860519122268,0.86900031206604,0
I Like You (A Happier Song),Post Malone Featuring Doja Cat,2023,946594112.0,0.9416524724344089,0.5452051344047127,3
What It Is (Block Boy),Doechii Featuring Kodak Black,2023,129690009.0,-2.383851444631449,1.4393405739233078,0
Nobody Gets Me,SZA,2023,988389347.0,-0.12259727548614725,-2.0811676642873804,2
Rich Men North Of Richmond,Oliver Anthony Music,2023,298182050.0,-2.29624736542363,1.223076678283907,0
Super Freaky Girl,Nicki Minaj,2023,621548946.0,0.5747511667268679,3.960545928614419,3
Dial Drunk,Noah Kahan With Post Malone,2023,461002610.0,-1.8177270858889785,-0.07572748710265075,0
Seven,Jung Kook Featuring Latto,2023,1943443031.0,1.9114043728339836,0.6036839126436747,3
Wait For U,Future Featuring Drake & Tems,2023,1076862685.0,1.0815579196817386,1.4799093326932535,3
Handle On You,Parker McCollum,2023,143127723.0,-2.9164109789736488,-2.409969424188523,2
Por Las Noches,Peso Pluma,2023,619574494.0,-2.0617245472029326,1.3232622131567886,0
Memory Lane,Old Dominion,2023,182725805.0,-3.2185407940321067,0.5900786089807396,0
Bury Me In Georgia,Kane Brown,2023,32884986.0,-5.167821032759309,-0.32336586095704317,0
PRC,Peso Pluma X Natanael Cano,2023,761406848.0,-2.1959730158063446,1.7188433372515015,0
What My World Spins Around,Jordan Davis,2023,306939356.0,-3.7099248011584867,-3.02046718185434,2
Ain't That Some,Morgan Wallen,2023,327697490.0,-4.3565984607289225,-1.7917991423843143,2
Wild As Her,Corey Kent,2023,244788532.0,-3.113751303823857,-1.5058221012781057,2
Peaches & Eggplants,Young Nudy Featuring 21 Savage,2023,203638427.0,-3.272946376463135,1.2879386753951623,0
I Wrote The Book,Morgan Wallen,2023,177486425.0,-4.520653631176926,-1.434472310197745,2
"Bzrp Music Sessions, Vol. 53",Bizarrap & Shakira,2023,1077169028.0,2.2343957604094675,-0.0378530537991141,1
Meltdown,Travis Scott Featuring Drake,2023,444827737.0,-2.4996765633860947,2.094564330179299,0
Put It On Da Floor Again,Latto Featuring Cardi B,2023,78494406.0,-3.9322245059281875,2.4653715748281164,0
Bloody Mary,Lady Gaga,2023,667483581.0,0.5456149654088104,-2.2544319905808194,2
Watermelon Moonshine,Lainey Wilson,2023,198964064.0,-2.8156589131096124,1.4085017350871425,0
Heat Waves,Glass Animals,2022,3398050480.0,8.713980664548648,1.9335226204994371,1
Stay,The Kid LAROI & Justin Bieber,2022,3560780532.0,13.931363461497268,-0.016082059135665745,1
Easy On Me,Adele,2022,2156611313.0,5.690735137278281,-1.0151332296439128,1
Shivers,Ed Sheeran,2022,1842325917.0,5.399399476143917,-1.4648889547014268,1
First Class,Jack Harlow,2022,913399196.0,2.4099072814076705,1.4206278589744756,3
Big Energy,Latto,2022,365319869.0,-1.4771907407994376,1.3825858016392119,0
Ghost,Justin Bieber,2022,1944261329.0,4.651041968958775,-4.298782712018447,1
Super Gremlin,Kodak Black,2022,480243119.0,-1.4794229014649447,0.49085378275799796,0
Cold Heart (PNAU Remix),Elton John & Dua Lipa,2022,2387152787.0,6.771937346523069,-0.5632701008911132,1
About Damn Time,Lizzo,2022,924137887.0,3.2888844522818212,2.8339755236542885,3
Thats What I Want,Lil Nas X,2022,1151297331.0,1.7826906764585522,-2.3382563231077693,2
Enemy,Imagine Dragons X JID,2022,1785522487.0,2.877525479879404,-1.4225783051586685,1
Industry Baby,Lil Nas X & Jack Harlow,2022,2170904100.0,5.411659382936653,1.142448911372942,1
abcdefu,GAYLE,2022,1214834586.0,4.5394942862683285,-0.6520045300289934,1
Need To Know,Doja Cat,2022,1311121743.0,1.7440801777094432,-0.7148604074862577,1
Wasted On You,Morgan Wallen,2022,900453360.0,-2.4020277615301033,-4.965883019244672,2
Me Porto Bonito,Bad Bunny & Chencho Corleone,2022,2059890281.0,2.142814958206916,4.6790679566448246,3
Woman,Doja Cat,2022,1897925971.0,3.7326351597621255,2.2665905876523684,3
Titi Me Pregunto,Bad Bunny,2022,1735703165.0,2.0506731796331876,5.178991603727962,3
Running Up That Hill (A Deal With God),Kate Bush,2022,1393583051.0,5.007292844128637,-1.6949962810943666,1
We Don't Talk About Bruno,"Carolina Gaitan, Mauro Castillo, Adassa, Rhenzy Feliz, Diane Guerrero, Stephanie Beatriz & Encanto Cast",2022,565631115.0,0.03155236280068459,-1.8905183662656462,2
Late Night Talking,Harry Styles,2022,1084679543.0,1.218107111640035,-2.4896559902526034,2
Sunroof,Nicky Youre & dazy,2022,1173062323.0,0.45918442349773453,0.6082681627511404,3
One Right Now,Post Malone & The Weeknd,2022,703819268.0,-0.43765078057928836,-3.844657236216375,2
Numb Little Bug,Em Beihold,2022,434766587.0,-1.100444106660153,-3.3444597585174303,2
'Til You Can't,Cody Johnson,2022,330373137.0,-2.463081108870769,0.30050701052035944,0
Fancy Like,Walker Hayes,2022,378619573.0,-1.3121481110367381,0.5225520468297263,0
The Kind Of Love We Make,Luke Combs,2022,634908542.0,-2.2377709457078754,-4.651647774105661,2
I Ain't Worried,OneRepublic,2022,1997107644.0,3.8613813777397503,0.27275981879235794,1
Break My Soul,Beyonce,2022,487568724.0,0.32632227603491354,-1.248681773930381,2
Save Your Tears,The Weeknd & Ariana Grande,2022,2362691945.0,4.879193642048798,-3.9578837016944797,1
Smokin Out The Window,Silk Sonic (Bruno Mars & Anderson .Paak),2022,539959327.0,-0.037850796655547754,-2.9636010715647902,2
Levitating,Dua Lipa,2022,2329818373.0,4.758055506129488,3.63338342195708,3
In A Minute,Lil Baby,2022,198686834.0,-3.1514920842634626,-1.6226255544997379,2
Moscow Mule,Bad Bunny,2022,1330821166.0,0.297168721207994,5.178819098772964,3
You Right,Doja Cat & The Weeknd,2022,952335033.0,0.5309620357057421,-3.8913423363016006,2
She Had Me At Heads Carolina,Cole Swindell,2022,302323300.0,-2.0174149073242247,0.38628686888509906,0
Pushin P,Gunna & Future Featuring Young Thug,2022,405044208.0,-2.020972087015169,1.6967954352845547,0
Buy Dirt,Jordan Davis Featuring Luke Bryan,2022,611147401.0,-3.077357725858555,-0.4544482390849733,0
I Hate U,SZA,2022,1489736518.0,-0.1650408600639597,-2.0542326680530314,2
Boyfriend,Dove Cameron,2022,646427245.0,0.19102919388416104,-2.6537043826934137,2
Glimpse Of Us,Joji,2022,1531429211.0,3.0595570175212914,-1.0379365285484776,1
Surface Pressure,Jessica Darrow,2022,363000671.0,-1.2445114981587186,-2.6010704885373093,2
Fall In Love,Bailey Zimmerman,2022,365998931.0,-3.722241854017158,-3.533458495142132,2
Love Nwantiti (Ah Ah Ah),CKay,2022,953614719.0,4.124696705006875,3.9418674893082537,3
Hrs And Hrs,Muni Long,2022,305070097.0,-0.5569603191702132,-2.1486776044310356,2
Sand In My Boots,Morgan Wallen,2022,460756563.0,-3.956043985180918,-3.399357044675172,2
MAMIII,Becky G X Karol G,2022,1095896227.0,0.3780091468621272,1.6592114286875568,3
Knife Talk,Drake Featuring 21 Savage & Project Pat,2022,823582394.0,-2.5177981836371535,2.122453872301594,0
Sweetest Pie,Megan Thee Stallion & Dua Lipa,2022,411854321.0,-1.4371672603441046,-1.4010974765992328,2
Provenza,Karol G,2022,1481710381.0,1.6551370313054299,0.28518237068252167,3
Essence,Wizkid Featuring Justin Bieber & Tems,2022,297644548.0,-0.04058044457498283,1.2388524618531973,3
Bam Bam,Camila Cabello Featuring Ed Sheeran,2022,1017261814.0,1.1796395431102604,-1.2836767859464158,2
5 Foot 9,Tyler Hubbard,2022,250517309.0,-3.528462865157356,-2.4490702247220923,2
Get Into It (Yuh),Doja Cat,2022,676090240.0,0.10260880411791713,3.5620259170559483,3
Efecto,Bad Bunny,2022,1486583041.0,0.49607255639212056,6.415530273378723,3
Doin' This,Luke Combs,2022,164203500.0,-3.8011587479996156,-1.340980127448973,2
Oh My God,Adele,2022,628653532.0,-0.6634364611109085,-2.7149308208458516,2
Better Days,NEIKED X Mae Muller X Polo G,2022,537771928.0,-0.5235406708046584,-1.7329786215810874,2
Meet Me At Our Spot,THE ANXIETY: WILLOW & Tyler Cole,2022,675007109.0,-1.172078513820458,-0.0261650029102501,0
All Too Well (Taylor's Version),Taylor Swift,2022,1027817135.0,0.46885533173575944,-4.217387104157957,2
Despues de La Playa,Bad Bunny,2022,612646137.0,-1.7252587601446008,4.059550553917711,0
You Should Probably Leave,Chris Stapleton,2022,,-1.0559935791793231,2.4066560505577064,0
Take My Name,Parmalee,2022,138295497.0,-3.046650178587978,0.7782336012429798,0
What Happened To Virgil,Lil Durk Featuring Gunna,2022,163836745.0,-3.889048013852947,1.0015826750908663,0
Puffin On Zootiez,Future,2022,546372482.0,-2.893051075262037,0.7312626379224089,0
Like I Love Country Music,Kane Brown,2022,107961620.0,-5.281481375942993,-0.08277591141640017,0
Ojitos Lindos,Bad Bunny & Bomba Estereo,2022,1675862702.0,0.6203564962460979,4.147452283914252,3
Trouble With A Heartbreak,Jason Aldean,2022,61306664.0,-2.30466058884328,-2.476240514375808,2
Kiss Me More,Doja Cat Featuring SZA,2022,2117067063.0,6.052559799445685,3.888185714963021,3
She Likes It,Russell Dickerson & Jake Scott,2022,132780084.0,-4.088487250080888,-2.148726656383918,2
Never Say Never,Cole Swindell / Lainey Wilson,2022,394310354.0,-1.9966884518282322,-0.9136763335850737,2
She's All I Wanna Be,Tate McRae,2022,598787512.0,-1.3349723213454248,-0.278965266908552,2
Last Night Lonely,Jon Pardi,2022,171202512.0,-3.25418170885354,1.3148428255195108,0
Flower Shops,ERNEST Featuring Morgan Wallen,2022,307207396.0,-3.6754462414582263,-4.280460729182164,2
To The Moon!,JNR CHOI & Sam Tompkins,2022,1755256836.0,1.5639317100777692,-2.219419039556645,2
One Mississippi,Kane Brown,2022,112732326.0,-5.409731822338731,-0.44146958874489794,0
Circles Around This Town,Maren Morris,2022,43495133.0,-5.355510982845116,-2.9466521203992686,2
Blinding Lights,The Weeknd,2021,4857260323.0,14.467657818653247,-0.3882412209989075,1
Leave The Door Open,Silk Sonic (Bruno Mars & Anderson .Paak),2021,1505709371.0,4.473902071843577,-1.7602186324171938,1
Drivers License,Olivia Rodrigo,2021,2507602323.0,5.328749304965748,-1.094950085898985,1
Montero (Call Me By Your Name),Lil Nas X,2021,2060826102.0,3.7649934192821783,2.073243937601164,3
Peaches,Justin Bieber Featuring Daniel Caesar & Giveon,2021,1773087490.0,6.190018119440527,1.8229183207056017,1
Butter,BTS,2021,1356485137.0,4.184671225677897,2.0106955413593903,3
Deja Vu,Olivia Rodrigo,2021,1939521383.0,3.123623880090409,-2.3440043515265705,1
Positions,Ariana Grande,2021,1599442947.0,3.020027879207655,-3.855872412199201,1
Without You,The Kid LAROI,2021,997821557.0,0.9239031866452744,-2.5883493639834994,2
Forever After All,Luke Combs,2021,570012135.0,-1.8825271767575633,-4.764271154375639,2
Go Crazy,Chris Brown & Young Thug,2021,765876133.0,-1.0515864615810222,0.2412926053014375,0
Astronaut In The Ocean,Masked Wolf,2021,1339348880.0,1.7080695035154132,0.9439451468719775,3
34+35,Ariana Grande Feat. Doja Cat & Megan Thee Stallion,2021,1078713823.0,-0.11303307202021079,1.0846812461444604,3
My Ex's Best Friend,Machine Gun Kelly X blackbear,2021,742986179.0,-0.9397034359547238,-2.7605758986000795,2
Therefore I Am,Billie Eilish,2021,914737143.0,1.7210564822198906,-2.9566719502825545,2
Up,Cardi B,2021,2731153399.0,5.960092962400006,1.471991163733964,1
Dakiti,Bad Bunny & Jhay Cortez,2021,2219367489.0,1.4929253064084826,4.625516245298898,3
Best Friend,Saweetie Featuring Doja Cat,2021,650755306.0,-0.6404158411738435,3.84180462539286,3
Rapstar,Polo G,2021,1068601483.0,-0.6124787876084113,-0.20974970430402373,2
Heartbreak Anniversary,Giveon,2021,1381601864.0,2.013761917872552,-1.493782196843181,1
For The Night,Pop Smoke Featuring Lil Baby & DaBaby,2021,1204024572.0,0.1779811903193944,2.0608984230020173,3
Calling My Phone,Lil Tjay Featuring 6LACK,2021,867472308.0,-0.1899364952365839,-1.7395148897555228,2
Beautiful Mistakes,Maroon 5 Featuring Megan Thee Stallion,2021,821393661.0,0.21968380651159372,-2.180511880020813,2
Holy,Justin Bieber Featuring Chance The Rapper,2021,842209794.0,1.0394900854897728,-0.05093557751263686,3
On Me,Lil Baby,2021,2156611313.0,5.582183043471577,-0.8248457059423008,1
You Broke Me First.,Tate McRae,2021,1738434481.0,2.192147376517879,-2.7818973024574207,1
Traitor,Olivia Rodrigo,2021,1937635101.0,2.2457726380671597,-2.1576759501209053,1
Back In Blood,Pooh Shiesty Featuring Lil Durk,2021,440497206.0,-2.4947955793541245,-0.6651764560007477,2
I Hope,Gabby Barrett Featuring Charlie Puth,2021,444364575.0,-1.7332829246143118,-2.4357644248141206,2
Dynamite,BTS,2021,2069683574.0,8.703476360828118,-0.0014914813679866201,1
Wockesha,Moneybagg Yo,2021,154831573.0,-3.506114078667751,0.17557625941808683,0
Beat Box,SpotemGottem Featuring Pooh Shiesty Or DaBaby,2021,99738970.0,-4.313540490628988,-0.2345892051062108,0
Laugh Now Cry Later,Drake Featuring Lil Durk,2021,1051169907.0,-1.1593122561537037,4.092657111629243,0
Wants And Needs,Drake Featuring Lil Baby,2021,883149090.0,-1.5692624188706277,2.1268957337952292,0
Way 2 Sexy,Drake Featuring Future & Young Thug,2021,616111343.0,-0.5058874618302585,-0.4162171729556609,2
Telepatia,Kali Uchis,2021,1414876669.0,2.384542061270931,1.5797614665029622,3
Whoopty,CJ,2021,830826756.0,0.5658845389876456,1.2052279590632136,3
Lemonade,Internet Money & Gunna Featuring Don Toliver & NAV,2021,1454795961.0,0.6196525891953831,2.5781500609693535,3
Good Days,SZA,2021,1432000056.0,1.2019643674930889,1.106959598467347,3
Starting Over,Chris Stapleton,2021,439970906.0,-1.6616207173218724,-3.4194423826293683,2
Body,Megan Thee Stallion,2021,1326812706.0,0.33258102618281027,3.085029091758131,3
Willow,Taylor Swift,2021,988095814.0,0.5599674668903635,-4.027054269288364,2
Bang!,AJR,2021,490854576.0,-1.7682156191626948,1.7958799998713464,0
Better Together,Luke Combs,2021,952161118.0,-0.903721086954445,0.34522046203472734,0
You're Mines Still,Yung Bleu Featuring Drake,2021,267863221.0,-3.299640912841672,0.9098827960307693,0
Every Chance I Get,DJ Khaled Featuring Lil Baby & Lil Durk,2021,405253821.0,-2.9808916655845064,1.580866741481423,0
Chasing After You,Ryan Hurd With Maren Morris,2021,217873669.0,-3.313278287302278,-3.01824795298913,2
The Good Ones,Gabby Barrett,2021,270588545.0,-2.990433396332366,0.0600271407781796,0
Leave Before You Love Me,Marshmello X Jonas Brothers,2021,994422969.0,0.5308476990145267,-3.7333524726494742,2
Lonely,Justin Bieber & benny blanco,2021,1403268031.0,2.2255845121713698,-1.9261187979321157,1
Beggin',Maneskin,2021,1900722445.0,7.075173521816049,5.369233215433083,3
Streets,Doja Cat,2021,1313572280.0,2.3873332353459995,1.9745973908410912,3
What's Next,Drake,2021,410233071.0,-2.7785772490525336,2.0586766006820567,0
Famous Friends,Chris Young + Kane Brown,2021,203144087.0,-3.86138066717355,-0.5966101921818348,0
Lil Bit,Nelly & Florida Georgia Line,2021,715654771.0,-1.0836575930337542,-0.2653985111355048,2
Thot Shit,Megan Thee Stallion,2021,364282232.0,-1.3121134541615995,1.7863284563128867,0
Late At Night,Roddy Ricch,2021,281601719.0,-3.2758068960609097,-0.004702011190547317,0
Kings & Queens,Ava Max,2021,1111993596.0,1.5526656323634638,1.8426311399489692,3
Anyone,Justin Bieber,2021,756280180.0,1.4268424382542573,-2.418584605292904,2
Track Star,Mooski,2021,101358015.0,-2.728429345577782,-2.4887528974375583,2
Time Today,Moneybagg Yo,2021,237476064.0,-3.8100235149768857,0.3128296416983786,0
Cry Baby,Megan Thee Stallion Featuring DaBaby,2021,227629493.0,-2.4222425787281647,-0.023940020032062533,0
No More Parties,Coi Leray Featuring Lil Durk,2021,288938419.0,-4.0119481372548025,1.6540138511272477,0
What's Your Country Song,Thomas Rhett,2021,173151198.0,-3.4177159728050177,-0.7055245634188586,0
One Too Many,Keith Urban Duet With P!nk,2021,233494597.0,-3.263180937789207,-0.21448848187868885,0
Arcade,Duncan Laurence,2021,1374833019.0,2.948325018897814,-0.45597149374507834,1
Yonaguni,Bad Bunny,2021,1518061544.0,0.17061853115994147,4.747937617447976,3
Good Time,Niko Moon,2021,717207629.0,-1.6419520249076494,1.9208135743857613,0
If I Didn't Love You,Jason Aldean & Carrie Underwood,2021,166917304.0,-3.2477020242389747,-5.078659102213233,2
pov,Ariana Grande,2021,629091753.0,-0.490304847435298,-2.904435739695956,2
Just The Way,Parmalee x Blanco Brown,2021,2760469323.0,2.951985396744692,0.3316995582391042,1
Take My Breath,The Weeknd,2021,489078369.0,-0.6174491482878351,1.6004139838526823,0
We're Good,Dua Lipa,2021,552142546.0,-0.19126969781095762,-2.4644923065019344,2
Hell Of A View,Eric Church,2021,193358893.0,-3.6639753402744337,-0.036794861852483186,0
Put Your Records On,Ritt Momney,2021,635082566.0,-1.7953322790725639,-0.3143786596413559,2
Happier Than Ever,Billie Eilish,2021,1589618173.0,2.962375521527867,-1.6347733651123073,1
Single Saturday Night,Cole Swindell,2021,154620421.0,-3.596389906269465,-0.10285159994454193,0
Things A Man Oughta Know,Lainey Wilson,2021,221867649.0,-2.6639408043808723,0.7646221872578662,0
Throat Baby (Go Baby),BRS Kash,2021,54241664.0,-4.192897865977555,-1.1057104560921795,0
Drinkin' Beer. Talkin' God. Amen.,Chase Rice Featuring Florida Georgia Line,2021,98059072.0,-4.183412816251273,3.2808215368366604,0
Todo de Ti,Rauw Alejandro,2021,1607351612.0,2.707413441043078,0.20509064143881792,1
Circles,Post Malone,2020,2835462971.0,6.379119051804215,-2.3015394743173005,1
The Box,Roddy Ricch,2020,2165408151.0,3.068962513147827,2.1712495528325824,3
Don't Start Now,Dua Lipa,2020,2935725600.0,9.720693205370592,3.486654132374688,1
Adore You,Harry Styles,2020,1873410194.0,2.4479885818594456,-0.3479770323363377,1
Life Is Good,Future Featuring Drake,2020,1330497556.0,-0.11440401194677657,4.079092294592144,3
The Bones,Maren Morris,2020,485354073.0,-2.1095884259558524,0.006625027383963054,0
Someone You Loved,Lewis Capaldi,2020,3918780942.0,10.071402378900794,-0.5642462249430851,1
Say So,Doja Cat,2020,1290065617.0,3.894446893324431,3.182345054908929,3
Whats Poppin,"Jack Harlow Featuring DaBaby, Tory Lanez & Lil Wayne",2020,886910246.0,-0.85489762984742,1.6198809444336517,0
Dance Monkey,Tones And I,2020,3266079327.0,10.041011533498297,5.850480439797016,1
Roxanne,Arizona Zervas,2020,1552365763.0,0.5295474072911731,2.8706809417769263,3
Everything I Wanted,Billie Eilish,2020,1880967189.0,3.9019670010374594,-2.034279204796264,1
Watermelon Sugar,Harry Styles,2020,3018481964.0,7.343864322987281,3.07994803331449,1
Before You Go,Lewis Capaldi,2020,2198616694.0,3.2505150933747347,-1.8459822471270655,1
"10,000 Hours",Dan + Shay & Justin Bieber,2020,1147104781.0,0.9707473433948219,0.5390630448668653,3
WAP,Cardi B Featuring Megan Thee Stallion,2020,1438501050.0,2.9199385089806724,4.357923285342768,3
Ballin',Mustard & Roddy Ricch,2020,989488912.0,-1.2853465689912789,0.6445764666147924,0
Hot Girl Bummer,blackbear,2020,1349047596.0,0.18196336472158614,2.139920543463176,3
Blueberry Faygo,Lil Mosey,2020,1411012227.0,-0.43059441227582385,2.1060427001124067,3
Heartless,The Weeknd,2020,1672646117.0,1.2216869216383168,-3.165062161564119,2
BOP,DaBaby,2020,899045778.0,-1.4760574892734766,2.135624093064952,0
Lose You To Love Me,Selena Gomez,2020,1359991920.0,0.621044032019852,-0.1606409874207616,2
Good As Hell,Lizzo,2020,676912621.0,-1.6105377557914438,3.6144924586202025,0
Toosie Slide,Drake,2020,1130877194.0,0.8860397206141316,5.272599024344923,3
Chasin' You,Morgan Wallen,2020,766962804.0,-2.7376559993408844,-3.0809307402474726,2
Savage Love (Laxed - Siren Beat),Jawsh 685 x Jason Derulo,2020,1178041531.0,1.5612832896788233,3.3838906973819105,3
No Guidance,Chris Brown Featuring Drake,2020,1147878697.0,-1.3638840485676111,3.073334659974253,0
My Oh My,Camila Cabello Featuring DaBaby,2020,773070008.0,-0.7703939688626826,-0.851652503090865,2
High Fashion,Roddy Ricch Featuring Mustard,2020,581012887.0,-1.4902598252586052,1.85826611041636,0
Woah,Lil Baby,2020,95921380.0,-2.2272576281924317,0.7364570934911477,0
Death Bed,Powfu Featuring beabadoobee,2020,1846171509.0,3.326647739284318,-0.11654349729251134,1
Senorita,Shawn Mendes & Camila Cabello,2020,3015385747.0,8.346106378043615,1.236761138172357,1
HIGHEST IN THE ROOM,Travis Scott,2020,2021800853.0,1.067412821722336,1.2825955668013858,3
Bad Guy,Billie Eilish,2020,2733689534.0,7.393774897124293,-1.1932252774804863,1
Rain On Me,Lady Gaga & Ariana Grande,2020,1156931291.0,2.0675694061898806,-2.005079706410189,1
RITMO (Bad Boys For Life),Black Eyed Peas X J Balvin,2020,1023083878.0,0.5937903825878074,3.1852378574118485,3
Heart On Ice,Rod Wave,2020,356646256.0,-2.5554626086450827,-1.7739104828383827,2
Nobody But You,Blake Shelton Duet With Gwen Stefani,2020,152274012.0,-4.238193520780798,-3.540433432755711,2
Trampoline,SHAED,2020,573131063.0,-1.4233677812441672,-2.99917478334105,2
Come & Go,Juice WRLD x Marshmello,2020,1058228699.0,-0.21434860127619634,-1.8521141346278798,2
Truth Hurts,Lizzo,2020,1040242680.0,0.026416334657092658,1.765859148360016,3
If The World Was Ending,JP Saxe Featuring Julia Michaels,2020,1286701119.0,0.4586639731333539,-0.7670454951284036,2
We Paid,Lil Baby & 42 Dugg,2020,476907083.0,-2.797268212180634,1.949757091593714,0
Yummy,Justin Bieber,2020,847676373.0,4.5603087440867105,0.01963955680224798,1
One Man Band,Old Dominion,2020,592157929.0,-2.7705358524528694,-3.606405823328756,2
Got What I Got,Jason Aldean,2020,575966846.0,-2.314435597453648,1.1197663706393088,0
Sunday Best,Surfaces,2020,1029497665.0,1.635102303685415,0.7679275893974591,3
Godzilla,Eminem Featuring Juice WRLD,2020,1719601913.0,-0.19259618156368546,0.4656157434694947,3
Party Girl,StaySolidRocky,2020,851030778.0,0.13028660246815751,-1.3010726053296546,2
Die From A Broken Heart,Maddie & Tae,2020,321736968.0,-3.666824499250077,-0.5790780153783935,0
Popstar,DJ Khaled Featuring Drake,2020,755004948.0,-1.6236729178596916,4.141324967404884,0
One Of Them Girls,Lee Brice,2020,450105138.0,-2.425446172008839,-2.1441911392757853,2
Hard To Forget,Sam Hunt,2020,157891274.0,-4.530942680818418,-3.004598243552064,2
One Margarita,Luke Bryan,2020,217982808.0,-4.391209723319595,-3.0105156576794103,2
Panini,Lil Nas X,2020,774725518.0,-1.4594347461635835,2.090301412914273,0
I Hope You're Happy Now,Carly Pearce & Lee Brice,2020,241964765.0,-4.669134046062714,-3.2127201955010887,2
Emotionally Scarred,Lil Baby,2020,333134645.0,-3.2558947236577356,-0.49337304062108345,0
Suicidal,YNW Melly & Juice WRLD,2020,652656327.0,-2.553352718483086,1.4582912985172516,0
The Bigger Picture,Lil Baby,2020,272505833.0,-2.7933172755236333,-1.235618716581566,2
Only Human,Jonas Brothers,2020,547786283.0,-1.4600051234776923,1.4827166524070676,0
The Woo,Pop Smoke Featuring 50 Cent & Roddy Ricch,2020,602002513.0,-2.184163344359468,2.0947150611236807,0
Sum 2 Prove,Lil Baby,2020,521511688.0,-2.4737279482362213,1.5475346487724393,0
Stuck With U,Ariana Grande & Justin Bieber,2020,1274886488.0,1.546491269175301,0.27575669801092145,3
Mood Swings,Pop Smoke Featuring Lil Tjay,2020,882911397.0,-1.1602213721881083,1.5263628501276651,0
You Should Be Sad,Halsey,2020,593439383.0,-1.1313020580164472,-3.6820777618563665,2
Dior,Pop Smoke,2020,2053428073.0,4.508894007986412,-1.047429686994681,1
Supalonely,BENEE Featuring Gus Dapperton,2020,773349906.0,1.7947108836796317,-1.1224806733670465,1
Even Though I'm Leaving,Luke Combs,2020,285674922.0,-4.272650430995779,-2.103548888255671,2
The Scotts,"THE SCOTTS, Travis Scott & Kid Cudi",2020,848703023.0,-1.1894185911494057,1.7863699052552011,0
Be Like That,Kane Brown With Swae Lee & Khalid,2020,438135585.0,-2.7692352909340974,-2.400327350536864,2
Homesick,Kane Brown,2020,179058080.0,-4.458837537442773,-3.9358030193516917,2
Rags2Riches,Rod Wave Featuring ATR Son Son,2020,253738935.0,-3.547719043593159,1.7553809566096208,0
Bluebird,Miranda Lambert,2020,193592192.0,-4.295333585538408,0.25743042148504525,0
Wishing Well,Juice WRLD,2020,1034018977.0,-0.5086765869277565,-1.3582030655147146,2
P*$$y Fairy (OTW),Jhene Aiko,2020,219976975.0,-2.903822060212184,-2.9178365665678907,2
ily,Surf Mesa Featuring Emilee,2020,988268990.0,2.1985409297542313,2.2005049682839233,3
More Than My Hometown,Morgan Wallen,2020,634878846.0,-3.4060170633202804,-2.350888793241026,2
Lovin' On You,Luke Combs,2020,240634212.0,-4.42536039543393,-3.6394536701243667,2
Said Sum,Moneybagg Yo,2020,154397476.0,-5.23092347255987,1.1357152882157326,0
Slide,H.E.R. Featuring YG,2020,1130877194.0,0.9162134785380535,5.223850094708313,3
Walk Em Down,NLE Choppa Featuring Roddy Ricch,2020,631991514.0,-2.6775588205151046,2.1477042005526212,0
Old Town Road,Lil Nas X Featuring Billy Ray Cyrus,2019,1073033845.0,1.3256402892011525,1.1897903172060018,3
Without Me,Halsey,2019,2264017417.0,4.146437598121503,-2.460536633560558,1
Wow.,Post Malone,2019,1813204138.0,0.40468798491292873,2.4037170955299727,3
7 Rings,Ariana Grande,2019,2537291433.0,3.4770212194025576,1.1449447970940423,3
Talk,Khalid,2019,2203762042.0,1.8795517006880207,-2.0393157227205783,1
Sicko Mode,Travis Scott,2019,2376186055.0,2.5357670132290147,2.1396371378685384,3
Sucker,Jonas Brothers,2019,1536392719.0,1.652888462421431,2.014781938714573,3
High Hopes,Panic! At The Disco,2019,1770153638.0,1.9470908697398526,-1.3648821664090738,1
"Thank U, Next",Ariana Grande,2019,2043065286.0,3.6666189798820836,-0.12510808783289246,1
Dancing With A Stranger,Sam Smith & Normani,2019,1507989183.0,2.2931647186372652,-3.1700130741453845,1
I Don't Care,Ed Sheeran & Justin Bieber,2019,1992894714.0,3.6142762847236503,2.182117701462564,3
Eastside,"benny blanco, Halsey & Khalid",2019,1947394094.0,1.4434078669703323,-2.6635832117271114,2
Going Bad,Meek Mill Featuring Drake,2019,1288127568.0,-1.1873930152064227,2.3440250317249123,0
Shallow,Lady Gaga & Bradley Cooper,2019,2778011161.0,4.001293931249821,0.6258071724838877,1
Better,Khalid,2019,2503549572.0,4.459035478803913,-2.168897802176851,1
Girls Like You,Maroon 5 Featuring Cardi B,2019,454484032.0,-1.6163185674891667,2.6922040389659574,0
Sweet But Psycho,Ava Max,2019,1861565964.0,2.7729568605389674,0.004290811419482363,1
Suge,DaBaby,2019,676229452.0,-2.7061540239938626,2.525679904096495,0
Middle Child,J. Cole,2019,1422161339.0,0.004927928321108441,-0.37238542768379873,2
Drip Too Hard,Lil Baby & Gunna,2019,1668829020.0,-0.09166791516633185,2.648048865605603,3
If I Can't Have You,Shawn Mendes,2019,1094398663.0,0.25418045127060007,-3.4440480609503332,2
Goodbyes,Post Malone Featuring Young Thug,2019,2310607669.0,2.699608715598391,-2.2582363909142367,1
ZEZE,Kodak Black Featuring Travis Scott & Offset,2019,1172617818.0,-0.7006352951877414,3.822878211785899,3
Better Now,Post Malone,2019,2103181569.0,2.0423960715230542,-2.300615312797921,1
Youngblood,5 Seconds Of Summer,2019,1982116566.0,1.7705087411269214,-1.3448951027585891,1
Money In The Grave,Drake Featuring Rick Ross,2019,1046729639.0,-1.7397313016087228,3.436161214633239,0
Speechless,Dan + Shay,2019,544805555.0,-3.086613413629923,-3.2747218743177724,2
"Break Up With Your Girlfriend, I'm Bored",Ariana Grande,2019,1054999924.0,0.009377081335355215,-3.0945770776009276,2
Please Me,Cardi B & Bruno Mars,2019,684812430.0,-0.9356700788253902,-2.373124112046982,2
Money,Cardi B,2019,1891288211.0,1.316768000374095,1.474040390550646,3
You Need To Calm Down,Taylor Swift,2019,1057512168.0,0.1679666619674817,-4.371235507061464,2
Look Back At It,A Boogie Wit da Hoodie,2019,863284170.0,-1.952345383786489,1.4955491969702688,0
A Lot,21 Savage,2019,1088222905.0,-0.19552949792053062,-1.511695967770818,2
ME!,Taylor Swift Featuring Brendon Urie,2019,1605316597.0,-0.5049467197802708,-1.2752750035648588,2
MIA,Bad Bunny Featuring Drake,2019,1432300503.0,0.5866946953185804,4.4216252910448315,3
Beautiful Crazy,Luke Combs,2019,1042937672.0,-2.528597336662641,-4.326062665320676,2
Thotiana,Blueface,2019,391609298.0,-3.2782785456357235,2.6217717688375526,0
Lucid Dreams,Juice WRLD,2019,2891889561.0,3.303637522657954,-1.3520770116282874,1
Mo Bamba,Sheck Wes,2019,1147903689.0,0.11132700390240358,0.33519658209884967,3
Beautiful People,Ed Sheeran Featuring Khalid,2019,1478749768.0,-0.20550878544364015,2.6973008586916474,3
Wake Up In The Sky,Gucci Mane X Bruno Mars X Kodak Black,2019,1152598197.0,-0.9801174591474173,2.802665859996195,0
Whiskey Glasses,Morgan Wallen,2019,987273417.0,-2.8738360170353405,-1.1361466973454948,2
Be Alright,Dean Lewis,2019,1972905753.0,2.492305209584912,-2.0714251036293114,1
Pure Water,Mustard & Migos,2019,789342806.0,-1.863830372580712,2.968844881751034,0
The Git Up,Blanco Brown,2019,373980260.0,-2.114940784183545,2.8698384352167894,0
Taki Taki,"DJ Snake Featuring Selena Gomez, Ozuna & Cardi B",2019,1697252358.0,-2.127921808354846,3.7739704974367934,0
Close To Me,Ellie Goulding X Diplo Featuring Swae Lee,2019,648729844.0,-1.9401772918471185,-1.0705674950639397,2
Envy Me,Calboy,2019,509276428.0,-1.6319117340401905,-1.6736128885289598,2
You Say,Lauren Daigle,2019,3271269208.0,4.123613782118557,0.32029728439061433,1
"Hey Look Ma, I Made It",Panic! At The Disco,2019,361259498.0,-2.666637543895883,-0.8575233525844972,2
Beer Never Broke My Heart,Luke Combs,2019,697751969.0,-3.983664693301587,0.30618555583525836,0
The London,"Young Thug, J. Cole & Travis Scott",2019,789618074.0,-1.7882687374681017,2.4628286389634235,0
Con Calma,Daddy Yankee & Katy Perry Featuring Snow,2019,1496279021.0,1.8472619690396281,3.856680393267329,3
Murder On My Mind,YNW Melly,2019,1174722840.0,-1.2718271951059557,-0.20440220187323754,2
When The Party's Over,Billie Eilish,2019,2187349135.0,2.9907637642210094,-0.7591215077023986,1
I Like It,"Cardi B, Bad Bunny & J Balvin",2019,1735541421.0,2.587872751208136,5.6513923949018166,3
Leave Me Alone,Flipp Dinero,2019,693268059.0,-1.4862865756448604,-1.3681978657187983,2
Breathin,Ariana Grande,2019,675435445.0,-0.7393945121564759,-3.701075027069633,2
Bury A Friend,Billie Eilish,2019,1093171583.0,1.142000128508033,-1.372949254589985,2
Close Friends,Lil Baby,2019,483878332.0,-2.0323619448193164,-1.6655776319094469,2
Baby Shark,Pinkfong,2019,89551631.0,2.0859036134128384,1.926295551943494,3
My Type,Saweetie,2019,457211579.0,-2.6829340885562494,2.371617187015054,0
Worth It,YK Osiris,2019,916891207.0,0.7502678531979867,2.9865153224757726,3
Knockin' Boots,Luke Bryan,2019,306421439.0,-4.254532530726273,1.49141416491288,0
Rumor,Lee Brice,2019,435750526.0,-3.9939558297757385,-0.12914396613862844,0
Swervin,A Boogie Wit da Hoodie Featuring 6ix9ine,2019,853386671.0,-2.584269304605775,2.5026417921997126,0
How Do You Sleep?,Sam Smith,2019,1029884082.0,-0.3192013607825097,-3.2249785139552443,2
Baby,Lil Baby & DaBaby,2019,89551631.0,1.9828670499731023,2.0966978936678706,3
Look What God Gave Her,Thomas Rhett,2019,272528755.0,-4.708301817238803,0.5591662011083032,0
Good As You,Kane Brown,2019,207446250.0,-5.168198275248264,-2.7462304201478744,2
Clout,Offset Featuring Cardi B,2019,326594742.0,-3.3333361530428762,2.2159203985417055,0
One Thing Right,Marshmello & Kane Brown,2019,616755867.0,-2.8761647377933612,0.09815747558885532,0
Shotta Flow,NLE Choppa,2019,553187535.0,-3.679033627919037,0.30754150060608426,0
Hot Girl Summer,"Megan Thee Stallion, Nicki Minaj & Ty Dolla $ign",2019,288543542.0,-3.7171678319905106,3.4393233131055667,0
Talk You Out Of It,Florida Georgia Line,2019,205883328.0,-4.74926500994869,-2.6758059237684635,2
Eyes On You,Chase Rice,2019,411741489.0,-3.670967947095369,2.7225311045960767,0
All To Myself,Dan + Shay,2019,254297476.0,-4.915729722152375,0.8795414446125078,0
Boyfriend,Ariana Grande & Social House,2019,646427245.0,0.45467816417029133,-3.5205283811618853,2
Walk Me Home,P!nk,2019,449995385.0,-2.2452624027653583,1.0264415249234768,0
Robbery,Juice WRLD,2019,1460924086.0,0.1217141260688136,-0.895176237803008,2
God's Plan,Drake,2018,2781765270.0,3.1351318859837773,0.5651259771382386,1
Perfect,Ed Sheeran,2018,3452435845.0,8.01660575527589,3.4433708810293333,1
Meant To Be,Bebe Rexha & Florida Georgia Line,2018,3452435845.0,8.03705448897433,3.1193962078924247,1
Havana,Camila Cabello Featuring Young Thug,2018,2289922446.0,3.7518735795396188,4.754655880131874,3
Psycho,Post Malone Featuring Ty Dolla $ign,2018,1861565964.0,2.9592699093874573,-0.053967954195407015,1
The Middle,"Zedd, Maren Morris & Grey",2018,1629886789.0,2.7964652305227276,-2.304391517844305,1
Nice For What,Drake,2018,1377035389.0,-0.7280192432342785,3.4122936283382566,3
Finesse,Bruno Mars & Cardi B,2018,887552050.0,-2.004691846254261,3.7135521388951234,0
Boo'd Up,Ella Mai,2018,394576180.0,-1.8435496220852454,0.5444870451570061,0
New Rules,Dua Lipa,2018,2324875726.0,5.271986462098972,0.583515874769218,1
Sad!,XXXTENTACION,2018,2324875726.0,5.271986462098972,0.583515874769218,1
Never Be The Same,Camila Cabello,2018,1005124859.0,0.45077527225060565,-3.094318297831187,2
No Tears Left To Cry,Ariana Grande,2018,1437047191.0,1.2700284167056746,-3.1649224497830746,2
Mine,Bazzi,2018,1437047191.0,1.195058917691442,-2.249799784205487,2
Thunder,Imagine Dragons,2018,1437047191.0,1.195058917691442,-2.249799784205487,2
Look Alive,BlocBoy JB Featuring Drake,2018,1437047191.0,1.0673220000699666,-1.8144793014816714,2
Delicate,Taylor Swift,2018,1157602584.0,-0.18087955831835875,-3.8922047235917083,2
Yes Indeed,Lil Baby & Drake,2018,1224466522.0,-2.091943115097623,2.037090777172088,0
No Limit,G-Eazy Featuring A$AP Rocky & Cardi B,2018,690931890.0,-2.752679580970056,3.4960883481692893,0
FEFE,6ix9ine Featuring Nicki Minaj & Murda Beatz,2018,690931890.0,-2.8831163557539687,4.114292308057044,0
Feel It Still,Portugal. The Man,2018,1492821944.0,1.2854352229927224,1.867208738329926,3
MotorSport,"Migos, Nicki Minaj & Cardi B",2018,1492821944.0,0.5942239283408797,3.0798120922074186,3
I Like Me Better,Lauv,2018,2047893833.0,0.9069779773318088,0.8927647835341485,3
Whatever It Takes,Imagine Dragons,2018,1486683060.0,0.6636533037666622,0.16488416008114853,3
Ric Flair Drip,Offset & Metro Boomin,2018,1798047701.0,-0.9590357411834421,2.262907674116402,0
I Fall Apart,Post Malone,2018,1798047701.0,-0.7244259750430505,2.0684283033331727,0
Pray For Me,The Weeknd & Kendrick Lamar,2018,1069241002.0,0.5608288809115938,0.06347488098519584,3
Back To You,Selena Gomez,2018,1153303100.0,-1.2187401435864251,-3.016601265612223,2
Walk It Talk It,Migos Featuring Drake,2018,829818571.0,-1.7910546842255102,3.799262993411447,0
Gucci Gang,Lil Pump,2018,660696148.0,-2.2810907250876102,1.438256974957803,0
Him & I,G-Eazy & Halsey,2018,660696148.0,-2.1780541616478746,1.2678546332334257,0
In My Blood,Shawn Mendes,2018,952355022.0,-0.83209001978208,-3.699004847007573,2
All The Stars,Kendrick Lamar & SZA,2018,2360572069.0,2.0059007800082282,1.098539921894206,3
Stir Fry,Migos,2018,749130961.0,-2.0877869288224646,2.9604219406401597,0
Too Good At Goodbyes,Sam Smith,2018,749130961.0,-2.008756678833988,3.0726390977746747,0
Nonstop,Drake,2018,1211846180.0,-1.2735726623981845,3.9099846389838886,0
Bodak Yellow (Money Moves),Cardi B,2018,201969.0,-9.921871482296286,3.4232423891700643,0
Freaky Friday,Lil Dicky Featuring Chris Brown,2018,201969.0,-10.185124646194321,3.1357716761765233,0
Gummo,6ix9ine,2018,325459904.0,-3.861598548538708,1.4175112782387784,0
Plug Walk,Rich The Kid,2018,325459904.0,-3.6409569370080357,1.339559886474692,0
Wait,Maroon 5,2018,325459904.0,-3.861598548538708,1.4175112782387784,0
Be Careful,Cardi B,2018,378408523.0,-2.7530923552428836,-2.5605717937315364,2
Wolves,Selena Gomez X Marshmello,2018,1460343162.0,0.5811538202516491,-1.4778467682599126,2
Big Bank,"YG Featuring 2 Chainz, Big Sean & Nicki Minaj",2018,384135481.0,-4.673182012852615,4.027878443235118,0
Sorry Not Sorry,Demi Lovato,2018,1214331385.0,-0.5440805198651583,-0.9049442449119518,2
How Long,Charlie Puth,2018,759661624.0,-0.9416519401507375,-2.0665605101286246,2
Lights Down Low,MAX Featuring gnash,2018,376221007.0,-2.5573335968197504,-1.8888526891903263,2
Young Dumb & Broke,Khalid,2018,376221007.0,-2.403099124616918,-2.044431871833681,2
One Kiss,Calvin Harris & Dua Lipa,2018,2459360469.0,5.505685174611358,2.5388085290302773,1
Natural,Imagine Dragons,2018,1404371295.0,1.1316661350773465,-0.4461760646833457,2
You Make It Easy,Jason Aldean,2018,531447533.0,-4.957352677500489,0.35682793888913955,0
Shape Of You,Ed Sheeran,2018,4378976159.0,9.420765456196039,3.7519769940788716,1
I Get The Bag,Gucci Mane Featuring Migos,2018,593954929.0,-4.5514776208985435,4.757670431019583,0
No Brainer,"DJ Khaled Featuring Justin Bieber, Chance The Rapper & Quavo",2018,623564972.0,-1.3918749331821414,3.048334356204796,0
Plain Jane,A$AP Ferg Featuring Nicki Minaj,2018,776393403.0,-3.4061628045391528,3.83628342872996,0
Sky Walker,Miguel Featuring Travis Scott,2018,776393403.0,-2.977854238995324,2.8825873985625847,0
Marry Me,Thomas Rhett,2018,378795701.0,-3.90593024698918,-3.148550932894078,2
Call Out My Name,The Weeknd,2018,2106936924.0,2.5493016830246518,-2.263992990396496,1
King's Dead,"Jay Rock, Kendrick Lamar, Future & James Blake",2018,648059531.0,-2.4740334402759556,1.43255891621953,0
Te Bote,"Casper Magico, Nio Garcia, Darell, Nicky Jam, Ozuna & Bad Bunny",2018,1256033966.0,-0.3228409875598699,4.203732291675348,3
Simple,Florida Georgia Line,2018,1256033966.0,-0.40315803083747004,2.7671216747068823,3
Lemon,N*E*R*D & Rihanna,2018,596688377.0,-2.095249443957923,1.1815713378033963,0
1-800-273-8255,Logic Featuring Alessia Cara & Khalid,2018,596688377.0,-2.169241554489971,1.4659956174401894,0
Say Something,Justin Timberlake Featuring Chris Stapleton,2018,1140011715.0,-0.8029304151512089,-2.1573050532422657,2
I'm Upset,Drake,2018,1140011715.0,-1.0387938267345274,-1.8676775512285022,2
Get Along,Kenny Chesney,2018,250795123.0,-2.86451909050781,0.3080927648666099,0
Moonlight,XXXTENTACION,2018,2126237161.0,1.4458210687714705,-0.6698512547495334,2
Outside Today,YoungBoy Never Broke Again,2018,399020636.0,-4.2127725028599805,-1.0215244757542743,0
Dura,Daddy Yankee,2018,701352348.0,-1.4270462732605644,3.4530210728079225,0
Changes,XXXTENTACION,2018,2164029895.0,2.1394157730851044,-1.8259382636673234,1
Mercy,Brett Young,2018,1515779272.0,0.5014273943332713,-2.268832771498004,2
One Number Away,Luke Combs,2018,487894702.0,-4.606877585209735,-5.263022675244359,2
Powerglide,Rae Sremmurd & Juicy J,2018,416515564.0,-3.694912198681583,2.8864664097706405,0
Mi Gente,J Balvin & Willy William Featuring Beyonce,2018,1623958133.0,2.8894179665444746,3.153518616706237,3
Despacito,Luis Fonsi & Daddy Yankee Featuring Justin Bieber,2017,1933912674.0,7.027744912518876,4.629877083498746,3
That's What I Like,Bruno Mars,2017,2647491737.0,2.663162430683958,2.575543732871907,3
Humble.,Kendrick Lamar,2017,2644501583.0,3.0270497970057635,2.042797925357978,3
Something Just Like This,The Chainsmokers & Coldplay,2017,3172198268.0,7.129447919279011,2.334399756739389,1
Bad And Boujee,Migos Featuring Lil Uzi Vert,2017,988345380.0,-0.8812528834841855,2.941798145420834,0
Closer,The Chainsmokers Featuring Halsey,2017,3280505617.0,6.618007366028256,-0.6672214299417892,1
Body Like A Back Road,Sam Hunt,2017,951972962.0,-1.4784159669888908,0.09184243155143665,0
Say You Won't Let Go,James Arthur,2017,3271269208.0,4.112582721384621,0.36006764834508453,1
I'm The One,"DJ Khaled Featuring Justin Bieber, Quavo, Chance The Rapper & Lil Wayne",2017,2183999831.0,3.365972551696277,-1.8159796036206046,1
XO TOUR Llif3,Lil Uzi Vert,2017,2345893209.0,-0.9772027887278301,-0.06815723495675213,2
Mask Off,Future,2017,1870944942.0,1.9735288464369949,3.218010234243557,3
Unforgettable,French Montana Featuring Swae Lee,2017,2521951540.0,1.9823793533074328,2.850032981790756,3
24K Magic,Bruno Mars,2017,1673749422.0,2.164142115292723,3.484275725859867,3
Stay,Zedd & Alessia Cara,2017,3560780532.0,13.106989672900246,0.24580741119062563,1
Wild Thoughts,DJ Khaled Featuring Rihanna & Bryson Tiller,2017,1286231525.0,1.5346132269959194,-1.440084118507617,2
Black Beatles,Rae Sremmurd Featuring Gucci Mane,2017,1063703366.0,-0.3891546308799698,3.7532752050873426,3
Starboy,The Weeknd Featuring Daft Punk,2017,3912325775.0,7.066832655439818,-2.3297003398130864,1
Location,Khalid,2017,1497749233.0,1.1178599449985847,-2.1506286235100633,2
Attention,Charlie Puth,2017,2051111796.0,2.2671473976760472,-1.935151079214201,1
There's Nothing Holdin' Me Back,Shawn Mendes,2017,2423771265.0,5.2187716075626716,-0.12527626809148412,1
Redbone,Childish Gambino,2017,1811236324.0,2.2942790752268563,-1.365107960536431,1
I Don't Wanna Live Forever (Fifty Shades Darker),Zayn / Taylor Swift,2017,1896058671.0,1.7321204399010839,-3.8638655809140374,2
It Ain't Me,Kygo x Selena Gomez,2017,1579204449.0,1.4974348392057732,0.16491804958216258,3
iSpy,KYLE Featuring Lil Yachty,2017,1010542369.0,-1.507606886138443,2.465406259280056,0
Issues,Julia Michaels,2017,1814409552.0,0.08473498785869846,-1.8524938161396418,2
Scars To Your Beautiful,Alessia Cara,2017,1593058427.0,1.0012938077483051,0.7896923700350811,3
Slow Hands,Niall Horan,2017,1029818484.0,-0.7381829530332231,1.5563405771520107,0
Love On The Brain,Rihanna,2017,1814563093.0,1.689631036748189,-2.609704529912617,2
I Feel It Coming,The Weeknd Featuring Daft Punk,2017,1970395246.0,4.281868730283509,-2.277203664716201,1
Bounce Back,Big Sean,2017,732709277.0,-1.6155367792335094,1.357403535920271,0
Strip That Down,Liam Payne Featuring Quavo,2017,1076827074.0,-1.120263166572271,2.405734341931601,0
Fake Love,Drake,2017,1007666976.0,-1.2159450172179254,-2.2185252170489798,2
Don't Wanna Know,Maroon 5 Featuring Kendrick Lamar,2017,1019782544.0,-1.2209516350114875,2.5716548472238676,0
Castle On The Hill,Ed Sheeran,2017,1475298297.0,0.7660598495227472,1.4624859286808283,3
Bad Things,Machine Gun Kelly x Camila Cabello,2017,733501941.0,-0.7450637904943573,-2.8713426519633547,2
Paris,The Chainsmokers,2017,1632040824.0,0.465711045376855,2.0984572397918066,3
Side To Side,Ariana Grande Featuring Nicki Minaj,2017,1611845166.0,0.964635745628844,0.19968886894363583,3
Rockabye,Clean Bandit Featuring Sean Paul & Anne-Marie,2017,1693268791.0,2.731630116995033,2.4338954094201823,3
Let Me Love You,DJ Snake Featuring Justin Bieber,2017,2518677363.0,5.571375056630278,0.32868097489450676,1
Bank Account,21 Savage,2017,1223088394.0,-0.9633981552635592,1.5065119830711355,0
Can't Stop The Feeling!,Justin Timberlake,2017,1909281252.0,5.917546028778858,3.098387976947495,3
Rake It Up,Yo Gotti Featuring Nicki Minaj,2017,382268543.0,-3.8802267767226755,4.9326607450431,0
Mercy,Shawn Mendes,2017,1515779272.0,0.49591186396630377,-2.248947589520769,2
Tunnel Vision,Kodak Black,2017,727012264.0,-1.5683459817917735,1.5690968885632617,0
In Case You Didn't Know,Brett Young,2017,630162753.0,-2.410009210678538,-3.585055243604365,2
Heathens,Twenty One Pilots,2017,2011842960.0,2.691374277018284,-0.5193961896055046,1
Now Or Never,Halsey,2017,491094984.0,-1.3902142674537505,-2.777336601260041,2
Caroline,Amine,2017,797220583.0,-1.529398932900726,1.9161549817568397,0
Rolex,Ayo & Teo,2017,522488060.0,-2.0894070072060336,2.880783282048755,0
DNA.,Kendrick Lamar,2017,1340275237.0,-0.49822908642691743,1.2183625590890037,0
Swang,Rae Sremmurd,2017,716684287.0,-3.0271768249347755,1.8478883042998195,0
Loyalty.,Kendrick Lamar Featuring Rihanna,2017,792613696.0,-1.6508674300878445,-1.9214045856395376,2
Praying,Kesha,2017,525566642.0,-1.7008426597754234,-1.6950475427138476,2
Goosebumps,Travis Scott,2017,2840885486.0,2.9824347859888696,-1.0756204070459432,1
Cold,Maroon 5 Featuring Future,2017,2387152787.0,6.670367584156181,-0.17941991136814445,1
Broccoli,D.R.A.M. Featuring Lil Yachty,2017,894561540.0,-2.158577653394611,2.7516706711862313,0
Slide,Calvin Harris Featuring Frank Ocean & Migos,2017,1130877194.0,0.8996668874371513,5.283505640640015,3
What Ifs,Kane Brown Featuring Lauren Alaina,2017,566993922.0,-4.202849903239144,-1.9050097527311585,2
Chained To The Rhythm,Katy Perry Featuring Skip Marley,2017,614792183.0,-1.5385691219219622,2.5032891595282027,0
All Time Low,Jon Bellion,2017,782282303.0,-1.5082361476838781,-1.3656129595916022,2
Hurricane,Luke Combs,2017,834074916.0,-4.357041719999584,-0.839654747142762,0
Magnolia,Playboi Carti,2017,967530477.0,-2.3607617071010263,2.70490212106033,0
Love Galore,SZA Featuring Travis Scott,2017,962895531.0,-0.12361378900285087,-3.4290436757657763,2
Drowning,A Boogie Wit da Hoodie Featuring Kodak Black,2017,1029108806.0,-3.9173367968237804,3.2160562388366802,0
Starving,Hailee Steinfeld & Grey Featuring Zedd,2017,1251672776.0,-1.4195924111228564,-1.32683794873946,2
Both,Gucci Mane Featuring Drake,2017,377877635.0,-4.254063721950483,4.330505211810962,0
What About Us,P!nk,2017,868824408.0,-0.804996067300991,1.9907642595803363,0
Swalla,Jason Derulo Featuring Nicki Minaj & Ty Dolla $ign,2017,1190868224.0,-1.0026052887242156,4.719473218503013,3
Slippery,Migos Featuring Gucci Mane,2017,624122446.0,-3.547464881132058,1.1988751476613857,0
Sign Of The Times,Harry Styles,2017,1797234117.0,3.6634202886652703,-1.2403126920588483,1
Malibu,Miley Cyrus,2017,864515367.0,-0.5383087040723874,0.43177819766431424,0
Down,Marian Hill,2017,2119455153.0,2.7085056355932124,-1.5518767173043289,1
No Promises,Cheat Codes Featuring Demi Lovato,2017,705087075.0,-2.0365476198067824,0.2776530192449243,0
Treat You Better,Shawn Mendes,2017,2503549572.0,4.422267996963603,-2.475429536740354,1
Small Town Boy,Dustin Lynch,2017,356226553.0,-3.39546825503761,1.2917902185726828,0
Everyday We Lit,YFN Lucci Featuring PnB Rock,2017,213246395.0,-4.86435283379863,2.562714607443677,0
Do Re Mi,blackbear,2017,653524277.0,-1.7094431831331454,-1.952338651508467,2
Look At Me!,XXXTENTACION,2017,1605316597.0,-0.6844534260510376,-0.25491785098615083,2
The Fighter,Keith Urban Featuring Carrie Underwood,2017,190618022.0,-4.620252675389842,0.24750006589840937,0
Love Yourself,Justin Bieber,2016,2780300178.0,6.430546952842614,-3.6796728953592677,1
Sorry,Justin Bieber,2016,2444172259.0,7.295251886778445,-1.7794921888302042,1
One Dance,Drake Featuring WizKid & Kyla,2016,3648187882.0,5.963968910349324,3.203506406975064,3
Work,Rihanna Featuring Drake,2016,1542030647.0,1.467615233916473,0.5493394987676463,3
Stressed Out,Twenty One Pilots,2016,2666568274.0,3.4515818041687916,-1.5780761973211341,1
Panda,Desiigner,2016,1235232777.0,0.48983367380853926,2.756564409913378,3
Hello,Adele,2016,1694303576.0,2.181829432032734,-1.6293720234452673,1
Don't Let Me Down,The Chainsmokers Featuring Daya,2016,2119455153.0,2.996567452509633,-1.3667821900159938,1
Cheap Thrills,Sia Featuring Sean Paul,2016,1965422719.0,2.7342239971993023,3.0614451386349253,3
7 Years,Lukas Graham,2016,2196117047.0,2.6661268412465335,-0.9826880706368606,1
Needed Me,Rihanna,2016,1712911663.0,-0.13176080410399818,-2.0968429636794172,2
My House,Flo Rida,2016,1181170755.0,-1.5069018860018757,3.3389751730252812,0
I Took A Pill In Ibiza,Mike Posner,2016,2172100640.0,3.266765707145739,-1.764879287663245,1
Work From Home,Fifth Harmony Featuring Ty Dolla $ign,2016,1542030647.0,1.5213600410058996,0.39844329568062475,3
This Is What You Came For,Calvin Harris Featuring Rihanna,2016,2002826861.0,3.06480351551061,3.5312356502269244,3
Cake By The Ocean,DNCE,2016,1823990634.0,2.654445186071515,2.552074131143358,3
"Me, Myself & I",G-Eazy x Bebe Rexha,2016,1466081486.0,0.11500228485930898,0.5403702849623929,3
Ride,Twenty One Pilots,2016,1993017588.0,1.1998263705483139,-0.8967613149534701,2
Pillowtalk,Zayn,2016,1524700694.0,0.9611191455197431,-1.8503277668310907,2
Stitches,Shawn Mendes,2016,2192385885.0,3.7220138674306997,-2.8209913345587383,1
Hotline Bling,Drake,2016,1461548844.0,2.0566559566163547,-1.4898430798068694,1
Cold Water,Major Lazer Featuring Justin Bieber & MO,2016,1704231725.0,3.0059198992896983,-2.328390111978565,1
Send My Love (To Your New Lover),Adele,2016,1199778024.0,0.708779206451065,-2.0970698607773923,2
Too Good,Drake Featuring Rihanna,2016,2310607669.0,2.442526877649034,-1.5728992575320764,1
Low Life,Future Featuring The Weeknd,2016,1123977134.0,-0.8822971894043097,0.5638078362787592,0
What Do You Mean?,Justin Bieber,2016,1829731524.0,4.5305725999614355,-2.6475210164948715,1
The Hills,The Weeknd,2016,2669389764.0,4.6747191358358196,-2.7407835509724983,1
Just Like Fire,P!nk,2016,372682867.0,-2.3005776527334687,-1.636149668041601,2
Don't,Bryson Tiller,2016,2935725600.0,9.698631083902718,3.5661948602836278,1
Dangerous Woman,Ariana Grande,2016,1362204263.0,-0.477157511504138,-2.140288222431708,2
Jumpman,Drake & Future,2016,856773824.0,-2.378997150074962,3.403247429371284,0
I Hate U I Love U,gnash Featuring Olivia O'Brien,2016,1489736518.0,-0.25740979213772,-2.1177047662868858,2
Here,Alessia Cara,2016,1429103666.0,1.5205966073836976,0.8359778775684219,3
Controlla,Drake,2016,869312360.0,-1.860304202946754,1.2464468115630425,0
Like I'm Gonna Lose You,Meghan Trainor Featuring John Legend,2016,1230250893.0,0.7633006529572893,-1.6972334858297786,2
One Call Away,Charlie Puth,2016,934651492.0,-1.7478156326920082,-0.47497513722349377,2
Let It Go,James Bay,2016,1306443241.0,2.0940584992346847,-1.8938526377844773,1
No,Meghan Trainor,2016,2594057444.0,1.8347563048256788,-1.965935243099725,1
Don't Mind,Kent Jones,2016,438361846.0,-1.933570889714561,1.6158654230883183,0
H.O.L.Y.,Florida Georgia Line,2016,454629573.0,-3.640321051377698,-3.183384694243462,2
We Don't Talk Anymore,Charlie Puth Featuring Selena Gomez,2016,2203762042.0,1.9452466525795848,-1.5631376801621781,1
Into You,Ariana Grande,2016,1625491479.0,0.8724175433384734,-3.139613342553977,2
Exchange,Bryson Tiller,2016,1195547259.0,-0.8697390084432086,-2.8994952206701656,2
679,Fetty Wap Featuring Remy Boyz,2016,887854257.0,-2.38190390231636,2.834042231161754,0
Oui,Jeremih,2016,762424658.0,-1.288821894486373,-3.004811517226535,2
Hands To Myself,Selena Gomez,2016,738151641.0,-1.9296028344493799,-2.2032081608917156,2
2 Phones,Kevin Gates,2016,412102477.0,-3.9520321708890083,0.28056909659831664,0
For Free,DJ Khaled Featuring Drake,2016,274287659.0,-3.989460841223925,3.1375236906715185,0
Never Be Like You,Flume Featuring Kai,2016,953587815.0,-0.053178031758397644,0.8002160557130534,3
Me Too,Meghan Trainor,2016,550324242.0,-1.264711547766919,0.8156876377210668,0
Ex's & Oh's,Elle King,2016,557464217.0,-1.1282275052780493,-0.31524616007175077,2
Die A Happy Man,Thomas Rhett,2016,690568726.0,-3.0602957148019887,0.6250109027876091,0
White Iverson,Post Malone,2016,1238109937.0,-1.243370087847831,-2.14050957478344,2
Close,Nick Jonas Featuring Tove Lo,2016,1293151320.0,0.29121144891968076,-0.9915127599201302,2
Unsteady,X Ambassadors,2016,737314980.0,-1.0089330700944996,-2.6493066829971585,2
Sucker For Pain,"Lil Wayne, Wiz Khalifa & Imagine Dragons With Logic & Ty Dolla $ign Feat. X Ambassadors",2016,1224683875.0,-0.4982853751556528,-1.3160070468154401,2
Down In The DM,Yo Gotti Featuring Nicki Minaj,2016,182715619.0,-6.035212284019176,2.335033125974059,0
Luv,Tory Lanez,2016,1268550371.0,1.9707280214848497,2.479480648586402,3
Sorry,Beyonce,2016,2444172259.0,6.493144227905061,-1.6366111743026341,1
Can't Feel My Face,The Weeknd,2016,1952773255.0,4.355555173679205,-2.6272089694726897,1
Hymn For The Weekend,Coldplay,2016,1697722587.0,0.021704123700763703,2.345704874094667,3
Say It,Tory Lanez,2016,612701805.0,-1.5123023529468818,-2.000018978459349,2
Antidote,Travis Scott,2016,759747382.0,-1.7558732133808999,-1.6710373995290289,2
Lost Boy,Ruth B,2016,903495420.0,-0.40646080248821437,-2.6786598699752084,2
"Sit Still, Look Pretty",Daya,2016,634502025.0,-2.319323522581194,0.7426136036125055,0
Wildest Dreams,Taylor Swift,2016,1068360297.0,-0.6514531900684779,-4.203127553116845,2
Middle,DJ Snake Featuring Bipolar Sunshine,2016,1422161339.0,-0.08561077331184239,-0.028305602115299693,2
On My Mind,Ellie Goulding,2016,1174722840.0,-1.2883737862068585,-0.14474665594153202,2
Pop Style,Drake Featuring The Throne,2016,380918207.0,-4.375035301941403,3.162331721799836,0
When We Were Young,Adele,2016,1484107645.0,0.47742949800577533,-1.3561975690973933,2
Hide Away,Daya,2016,579132495.0,-1.5963863101073952,-1.5201502341811313,2
Lean On,Major Lazer X DJ Snake Featuring MO,2016,2366631062.0,4.833378624406388,3.8134915125190485,3
I Know What You Did Last Summer,Shawn Mendes & Camila Cabello,2016,667652245.0,-2.0602023358662827,-1.8838591491100525,2
Watch Me,Silento,2016,411332261.0,-2.969443477029709,2.508417989373554,0
Back To Sleep,Chris Brown,2016,207559079.0,-3.7831361811715696,-2.204049366545379,2
No Limit,Usher Featuring Young Thug,2016,207559079.0,-3.510603539181322,-1.6052825609634804,2
Cut It,O.T. Genasis Featuring Young Dolph,2016,212229116.0,-3.923419538156815,3.4295945449063847,0
Really Really,Kevin Gates,2016,406760313.0,-3.2163647351255458,-1.7461868010707662,2
All In My Head (Flex),Fifth Harmony Featuring Fetty Wap,2016,386906514.0,-3.760347148197491,3.115360718102212,0
Adventure Of A Lifetime,Coldplay,2016,1251672776.0,-1.2298862914928488,-1.7075748724795567,2
Tiimmy Turner,Desiigner,2016,411709276.0,-3.9742790641256196,0.5418129244102863,0
See You Again,Wiz Khalifa Featuring Charlie Puth,2016,411709276.0,-4.074007595764042,0.4799351055291063,0
Perfect,One Direction,2016,411709276.0,-3.9742790641256196,0.5418129244102863,0
Uptown Funk!,Mark Ronson Featuring Bruno Mars,2015,2331603727.0,7.306317449673653,5.097920013958295,3
Thinking Out Loud,Ed Sheeran,2015,2784476962.0,5.697455995893646,-0.02737898925206659,1
Trap Queen,Fetty Wap,2015,1380026743.0,-0.36740335418271153,2.2169956098933037,3
Sugar,Maroon 5,2015,3018481964.0,7.316286671152442,3.1793739432006642,1
Shut Up And Dance,WALK THE MOON,2015,2078638211.0,3.364075379309818,3.371868586619228,3
Blank Space,Taylor Swift,2015,2095325047.0,2.2853311348942564,-2.1057335482969814,1
Earned It (Fifty Shades Of Grey),The Weeknd,2015,411332261.0,-2.5402546353967055,2.20835330060242,0
Cheerleader,OMI,2015,1943996938.0,0.3310709362417218,3.5570692170042557,3
Love Me Like You Do,Ellie Goulding,2015,1668578887.0,2.611563126237311,-2.8972597470508994,1
Take Me To Church,Hozier,2015,3046842739.0,3.1837889843581375,-1.3207902628517776,1
Bad Blood,Taylor Swift Featuring Kendrick Lamar,2015,3046842739.0,3.398710100804654,-2.1237062849195696,1
Want To Want Me,Jason Derulo,2015,1138978515.0,0.07393376323698207,-1.3953159207722712,2
Shake It Off,Taylor Swift,2015,1636767272.0,3.3219361553684172,3.1935176226837623,3
Where Are U Now,Skrillex & Diplo With Justin Bieber,2015,1178361164.0,1.71848917683773,-2.5374588248621364,2
Fight Song,Rachel Platten,2015,986666744.0,-2.0553177892033707,1.1866338191099464,0
Lips Are Movin,Meghan Trainor,2015,484074976.0,-1.8217981117841766,-1.5749317785124468,2
Worth It,Fifth Harmony Featuring Kid Ink,2015,916891207.0,0.6542136211980684,3.3504803300215054,3
Post To Be,Omarion Featuring Chris Brown & Jhene Aiko,2015,916891207.0,0.3553034597303801,2.6919866879528427,3
"Honey, I'm Good.",Andy Grammer,2015,487957894.0,-2.49221797303274,-1.5983204564028402,2
I'm Not The Only One,Sam Smith,2015,2183999831.0,2.7479590690455553,-1.797870603840922,1
Good For You,Selena Gomez Featuring A$AP Rocky,2015,828478593.0,-1.5437720907602566,-1.5093961261874658,2
All About That Bass,Meghan Trainor,2015,894593065.0,-0.06275337053611343,2.204053618198286,3
Style,Taylor Swift,2015,894593065.0,0.1717854914771073,0.9367397752409579,3
G.D.F.R.,Flo Rida Featuring Sage The Gemini & Lookas,2015,925700524.0,0.47539315451004627,4.660073418817291,3
Photograph,Ed Sheeran,2015,2947440694.0,7.042791122314823,-0.8340590815337794,1
Talking Body,Tove Lo,2015,688490231.0,-2.539140027233129,1.54203767422402,0
Jealous,Nick Jonas,2015,1069918926.0,-2.1605578144814475,0.9985456880635147,0
Locked Away,R. City Featuring Adam Levine,2015,1171674486.0,0.16785991180411472,-0.6395411191554067,2
Somebody,Natalie La Rose Featuring Jeremih,2015,2103604014.0,6.574585434485348,-0.4483161385305055,1
Centuries,Fall Out Boy,2015,1366816622.0,-0.4825931416288951,-0.5154305778235821,2
My Way,Fetty Wap Featuring Monty,2015,1366816622.0,-0.6806770987293642,-0.3082007103402135,2
Take Your Time,Sam Hunt,2015,309974760.0,-2.9845482202479934,-2.2669639474434664,2
Animals,Maroon 5,2015,1634241411.0,1.2124784776141042,-0.8838464438814592,2
I Don't F**k With You,Big Sean Featuring E-40,2015,860336973.0,-3.7813304048974317,1.5642166462896239,0
B**** Better Have My Money,Rihanna,2015,860336973.0,-4.019856813320997,1.49709716335259,0
Flex (Ooh Ooh Ooh),Rich Homie Quan,2015,349225759.0,-5.053691159308761,3.170715180172672,0
Nasty Freestyle,T-Wayne,2015,244332138.0,-3.621111377536393,1.1368901014851367,0
Only,"Nicki Minaj Featuring Drake, Lil Wayne & Chris Brown",2015,244332138.0,-4.274955349479916,2.069404920200003,0
Elastic Heart,Sia,2015,1102622705.0,0.2538745653150708,-1.9454387001918636,2
Cool For The Summer,Demi Lovato,2015,926288092.0,0.48064407513869695,2.8399940891366513,3
Renegades,X Ambassadors,2015,888374026.0,-1.1656725885610468,0.17460828278443213,0
I Don't Mind,Usher Featuring Juicy J,2015,400660763.0,-4.87084599758602,4.846079451972888,0
Love Me Harder,Ariana Grande & The Weeknd,2015,1109683252.0,0.44090173024532703,-4.885378684495871,2
You Know You Like It,DJ Snake & AlunaGeorge,2015,566030677.0,-1.774646416606587,3.83354165876152,0
Uma Thurman,Fall Out Boy,2015,344605612.0,-2.8152532818692255,-2.1560329543915664,2
Last Friday Night (T.G.I.F.),Katy Perry,2010,1499104702.0,0.49351669648610036,3.09468277517914,3
vampire,Olivia Rodrigo,2023,1362136105.0,1.0384162894550983,-3.0557853660889776,2
fukumean,Gunna,2023,1081359245.0,1.2141086809737534,-0.4934518098422138,2
All I Want for Christmas Is You,Mariah Carey,1994,2176207539.0,7.291732910644254,5.2361035780007,3
A Holly Jolly Christmas - Single Version,Burl Ives,1965,513121886.0,-2.3613487590701743,1.4340099360011862,0
I Remember Everything (feat. Kacey Musgraves),Zach Bryan,2023,1091953297.0,0.9051798552366899,-2.7346973255928835,2
"What Was I Made For? [From The Motion Picture ""Barbie""]",Billie Eilish,2023,1330084769.0,3.676574312951234,-0.7413839283930077,1
Area Codes,Kaliii,2023,278308068.0,-2.352892213537931,0.5412793690610583,0
Bad Habits,Ed Sheeran,2020,1944325492.0,6.741817092932705,2.5650138240730267,1
Jimmy Cooks (feat. 21 Savage),Drake,2022,1171332394.0,-0.08568194072063987,0.8860020802760159,3
Something in the Orange,Zach Bryan,2022,1272270858.0,1.0343371653508757,-2.9977577208456907,2
Rock and A Hard Place,Bailey Zimmerman,2022,579118830.0,-0.8366146184333039,-4.003356383594903,2
Fingers Crossed,Lauren Spencer Smith,2022,502086091.0,-1.3069944687844297,-0.8942193848647512,2
Broadway Girls (feat. Morgan Wallen),Lil Durk,2021,480016333.0,-2.8320954628420814,1.8033127378376974,0
Damn Strait,Scotty McCreery,2021,66605175.0,-3.5454543992155916,-2.4601136760493105,2
Unholy (feat. Kim Petras),Sam Smith,2022,1776998250.0,3.0267520413601856,2.24889064517425,3
good 4 u,Olivia Rodrigo,2021,2434477700.0,6.614430085784072,-1.0611313428290001,1
What You Know Bout Love,Pop Smoke,2020,1266357670.0,1.13890516576463,-1.868078252372007,2
Glad You Exist,Dan + Shay,2021,215128433.0,-3.702011394064916,-0.10071042939758479,0
Memories,Maroon 5,2019,2272001015.0,6.026674824507401,-1.6568385775471972,1
Intentions (feat. Quavo),Justin Bieber,2020,1297226706.0,3.0497444978060604,0.42575014494294044,1
Falling,Trevor Daniel,2018,1765482497.0,4.118912405693508,-0.18254805276226613,1
Break My Heart,Dua Lipa,2020,1329672338.0,2.013575204175284,1.524812630878492,3
Does To Me (feat. Eric Church),Luke Combs,2019,200188337.0,-4.534245789473877,-3.9262839107033805,2
Sunflower - Spider-Man: Into the Spider-Verse,Post Malone,2018,3830953525.0,6.136373095458086,-1.993719494701674,1
Pop Out (feat. Lil Tjay),Polo G,2019,937405058.0,-2.01916485643826,3.118785418791525,0
God's Country,Blake Shelton,2019,419917299.0,-2.7782490181204844,0.3875271631601929,0
Act Up,City Girls,2018,307558818.0,-2.8731538129607994,3.011691936933636,0
Love Lies (with Normani),Khalid,2018,1015074904.0,-1.1955268889653035,0.3230442201662686,0
Cash Shit (feat. Da Baby),Megan Thee Stallion,2019,284957579.0,-4.06605260496067,3.2468379510839744,0
In My Feelings,Drake,2018,1454255005.0,0.07860047805550467,2.654352050741884,3
we can't be friends (wait for your love),Ariana Grande,2024,1426850205.0,3.10338362755959,-4.304126544498206,1
Tequila,Dan + Shay,2018,648654231.0,-3.684436735443955,1.0658133760943946,0
LOVE. FEAT. ZACARI.,Kendrick Lamar,2017,1631303946.0,0.7148459615588976,-1.436459219857841,2
Locked out of Heaven,Bruno Mars,2005,2670713095.0,4.444474258321502,-1.3714791039619012,1
Bartier Cardi (feat. 21 Savage),Cardi B,2017,423834728.0,-4.0150995901018955,3.713565917610448,0
Happier,Marshmello,2018,2407475542.0,5.301782377742501,-1.2845591401384533,1
IDGAF,Dua Lipa,2017,1729895638.0,1.2411433850492908,-1.0926949776222177,2
Believer,Imagine Dragons,2017,3447451423.0,8.510550470510669,1.7506431388302515,1
Congratulations,Post Malone,2016,2161857445.0,2.3317096381921028,-1.2180030098036063,1
Look What You Made Me Do,Taylor Swift,2017,1318892843.0,1.8446975343638232,-4.6287791353524375,2
T-Shirt,Migos,2017,500191264.0,-3.569616108717338,2.4943981313722356,0
rockstar (feat. 21 Savage),Post Malone,2017,3183642794.0,3.238602018278487,3.154482292957055,3
Passionfruit,Drake,2017,1872811876.0,1.323037441459583,4.174762331314179,3
Water Under the Bridge,Adele,2015,735499440.0,-0.6791914861411591,-2.493681106777519,2
What Lovers Do (feat. SZA),Maroon 5,2017,1326522808.0,0.4825300263667451,-0.8847651738079633,2
Same Old Love,Selena Gomez,2015,720729418.0,-1.664511147526336,-3.8976217997569864,2
Never Forget You,Zara Larsson,2015,1029878756.0,-0.33501295519009433,-2.733285047501724,2
In The Night,The Weeknd,2015,604825069.0,-2.025584803558347,-3.6104311133317037,2
Humble And Kind,Tim McGraw,2015,276756688.0,-3.613079164495139,0.17041455410905795,0
Time of Our Lives,Pitbull,2014,1598960092.0,0.12452891883213746,2.6035797642558154,3
FourFiveSeconds,Rihanna,2015,1257012058.0,-0.9731326166197979,2.949447657820384,0
Stay With Me,Sam Smith,2011,2303251975.0,4.190447279202817,-1.9966390795635491,1
Wicked,Future,2016,207798004.0,-4.158422700303108,1.2142085541372376,0
X,Nicky Jam,2018,1119986752.0,-0.8021287913099272,1.24343130440713,0
God is a woman,Ariana Grande,2018,1160870073.0,-0.2713510313650069,-3.3583854848731236,2
This Is America,Childish Gambino,2018,625162379.0,-1.699639712169465,1.8270086707207422,0
FRIENDS,Marshmello,2015,1533194488.0,0.958064481868554,-1.5943115927526645,2
Bad At Love,Halsey,2017,788740941.0,-0.6537134399322562,-2.6219524117927397,2
Taste (feat. Offset),Tyga,2018,1480537266.0,-0.007418593457944907,2.585988294012424,3
Let You Down,NF,2017,1602728605.0,0.15085978204085695,-1.2957105111312228,2
Savage,Megan Thee Stallion,2020,454233902.0,-1.8937953427077,1.8394513023382668,0
ROCKSTAR (feat. Roddy Ricch),DaBaby,2020,1724149171.0,2.343785691234814,1.6490128795277248,3
How Deep Is Your Love,Calvin Harris,2015,1390771983.0,2.071855317281966,2.8741444642158642,3
Back To Back,Drake,2015,436587842.0,-4.645807190286268,0.918928928100869,0
Night Changes,One Direction,2014,2166598142.0,2.0487206079612825,-1.7509993822301275,1
7/11,BeyoncÃ©,2014,604391534.0,-2.6028124258851846,1.0381114573035237,0
The Heart Wants What It Wants,Selena Gomez,2014,595266978.0,-2.1334456991378357,-3.142916464123289,2
Girl Crush,Little Big Town,2014,273081727.0,-2.5487687815563222,-2.4803274566222395,2
Slow Motion,Trey Songz,2015,485316797.0,-3.914712716864784,-2.416702405883127,2
Drag Me Down,One Direction,2015,1280023144.0,-0.3819370075210878,0.8910849146750709,0
Truffle Butter,Nicki Minaj,2014,370039279.0,-3.8334102340032365,2.523810100397452,0
One Last Time,Ariana Grande,2014,1770727227.0,1.3557134512127222,-4.346663918184627,2
Chains,Nick Jonas,2014,169601376.0,-3.6116383713814817,-2.5212743625994665,2
All Eyes On You (feat. Chris Brown & Nicki Minaj),Meek Mill,2015,411920959.0,-3.7032818185386893,3.0957281417273124,0
No Type,Rae Sremmurd,2014,623343985.0,-3.200781829134409,4.0412460686551945,0
Riptide,Vance Joy,2013,3121228550.0,5.060462448923307,1.0963752908590216,1
Classic Man,Jidenna,2015,197722719.0,-3.3573863579030845,1.0264248446644684,0
Dear Future Husband,Meghan Trainor,2014,677076898.0,-1.3895419637346664,-0.9327685404149043,2
Marvin Gaye (feat. Meghan Trainor),Charlie Puth,2016,829895367.0,-1.8168126234458153,2.388239637878466,0
Like I'm Gonna Lose You (feat. John Legend),Meghan Trainor,2015,1231136012.0,0.6420334698116889,-1.8450754722559595,2
Habits (Stay High),Tove Lo,2013,1098333109.0,-0.24844075538179763,-1.8411632448515785,2
The Hanging Tree,James Newton Howard,2014,232062449.0,-4.296263694413161,0.46926697691935665,0
CoCo,O.T. Genasis,2014,182652342.0,-3.9830066105223074,1.5026577376879529,0
Bang Bang,Jessie J,2014,1515597838.0,0.6341879056107126,3.3284437608958797,3
Lay Me Down,Sam Smith,2014,614125838.0,-3.552614976378238,-0.3300739575783289,0
Tuesday (feat. Drake),ILOVEMAKONNEN,2014,258760030.0,-3.753381821229195,2.6834288100183588,0
Hit the Quan - Original Version,iLoveMemphis,2015,102374842.0,-4.328640185132648,3.442551091552106,0
"Downtown (feat. Melle Mel, Grandmaster Caz, Kool Moe Dee & Eric Nally)",Macklemore & Ryan Lewis,2015,421905011.0,-3.4181302706058223,4.544304022179887,0
House Party,Sam Hunt,2014,441245057.0,-3.5435692349114087,1.5744763594136681,0
Ayo,Chris Brown,2015,644279853.0,-4.402950893039698,0.6531498815378867,0
Kick The Dust Up,Luke Bryan,2015,203672187.0,-4.4543303606779885,-0.7999529994542376,0
Blessings,Big Sean,2015,264931584.0,-3.593063376053622,0.9517803908618427,0
Budapest,George Ezra,2013,1412448562.0,1.1701096777343318,-2.2246139447401547,2
Chandelier,Sia,2014,2005971453.0,3.7912276914728618,-1.3709696603312573,1
Heartbeat Song,Kelly Clarkson,2015,265308154.0,-3.116630936000743,0.2637808922632766,0
Don't,Ed Sheeran,2013,816079918.0,-1.039388137100653,-2.3872159065993994,2
Ghost,Ella Henderson,2014,437702049.0,-3.03935033608488,-2.8762843376566427,2
Waves - Robin Schulz Radio Edit,Mr. Probz,2014,1149400301.0,-0.028327165042134176,3.9215514014671533,3
El PerdÃ³n - Forgiveness,Nicky Jam,2015,45727173.0,-4.309167192433889,-0.8548077845760451,0
She Knows,Ne-Yo,2014,385517097.0,-3.789647333303766,0.8988306828346627,0
"Hey Mama (feat. Nicki Minaj, Bebe Rexha & Afrojack)",David Guetta,2011,926164324.0,0.2566368851404453,4.927376533488724,3
Gold,Kiiara,2015,689689079.0,-1.1875522944265302,-1.0057014061641152,2
Roses,The Chainsmokers,2015,1167701460.0,0.7784148566752053,-2.550341020944227,2
Juju On That Beat (TZ Anthem),Zay Hilfigerrr,2016,253871538.0,-3.308244165450911,2.780341639556071,0
Feels,Calvin Harris,1999,1228871704.0,-2.422726075307612,3.2707003100781593,0
Trip,Ella Mai,2018,566674877.0,-1.2260026247836384,-3.1111116854383702,2
Juicy,Doja Cat,2019,395398324.0,-2.778014191805145,3.450656385506255,0
Hot (feat. Gunna),Young Thug,2019,418132615.0,-3.037897074748977,3.515141899641188,0
Tombstone,Rod Wave,2021,169215904.0,-3.5726364576738514,0.6422561199597357,0
Roses - Imanbek Remix,SAINt JHN,2019,2068559014.0,4.176709169284755,2.9825596264772316,3
Bandit (with YoungBoy Never Broke Again),Juice WRLD,2019,1011711146.0,-0.8817435877113204,-1.4193169878289733,2
Mood (feat. iann dior),24kGoldn,2020,2053835175.0,4.4897959997870736,-0.6630594171119057,1
Party,Bad Bunny,2022,815302726.0,-0.9723779448055595,4.399265859572661,3
AA,Walker Hayes,2021,91880952.0,-4.658807634795061,-0.27644358239249844,0
Vegas,Doja Cat,2022,619279872.0,-3.2873650748917003,3.3510495638946,0
